0,1,2,3,4,5,6,7,8,9,10,11,12,13,14,15,16,17,18,19,20,21,22,23,24,25,26,27,28,29,30,31,32,33,34,35,36,37,38,39,40,41,42,43,44,45,46,47,48,49
0.0,0.0,1.0,0.0,0.0,0.0,0.0,0.0,0.0,0.0,0.0,0.0,0.0,1.0,0.0,0.0,0.0,0.0,0.0,0.0,0.0,0.0,0.0,0.0,0.0,2.0,2.0,1.0,0.0,0.0,0.0,1.0,0.0,0.0,0.0,0.0,1.0,0.0,0.0,0.0,0.0,0.0,0.0,0.0,0.0,0.0,0.0,0.0,0.0,0.0
0.0,0.0,0.0,1.0,0.0,0.0,0.0,1.0,0.0,0.0,0.0,0.0,1.0,1.0,0.0,0.0,0.0,0.0,0.0,0.0,0.0,0.0,1.0,0.0,0.0,4.0,0.0,1.0,0.0,0.0,0.0,3.0,1.0,1.0,1.0,1.0,2.0,1.0,1.0,0.0,0.0,0.0,0.0,0.0,0.0,0.0,0.0,0.0,0.0,0.0
0.0,0.0,0.0,1.0,1.0,0.0,0.0,1.0,1.0,0.0,0.0,0.0,1.0,2.0,0.0,0.0,0.0,0.0,0.0,0.0,1.0,0.0,1.0,0.0,0.0,4.0,0.0,1.0,0.0,0.0,1.0,4.0,1.0,1.0,0.0,1.0,3.0,3.0,1.0,0.0,0.0,1.0,1.0,0.0,0.0,0.0,0.0,0.0,0.0,0.0
0.0,0.0,0.0,2.0,2.0,0.0,0.0,1.0,1.0,1.0,0.0,1.0,1.0,3.0,1.0,0.0,0.0,0.0,0.0,0.0,2.0,0.0,1.0,0.0,0.0,0.0,1.0,1.0,0.0,1.0,2.0,5.0,2.0,1.0,0.0,3.0,2.0,4.0,0.0,0.0,0.0,1.0,2.0,0.0,0.0,1.0,0.0,0.0,0.0,0.0
0.0,0.0,0.0,2.0,4.0,1.0,0.0,2.0,1.0,1.0,0.0,4.0,1.0,3.0,1.0,0.0,0.0,0.0,0.0,1.0,1.0,0.0,1.0,0.0,0.0,1.0,4.0,2.0,0.0,0.0,2.0,1.0,2.0,1.0,2.0,3.0,4.0,4.0,0.0,0.0,0.0,1.0,0.0,0.0,0.0,1.0,0.0,0.0,0.0,0.0
0.0,0.0,1.0,2.0,4.0,2.0,0.0,2.0,2.0,0.0,0.0,0.0,2.0,3.0,1.0,1.0,1.0,1.0,1.0,1.0,1.0,0.0,0.0,0.0,0.0,2.0,4.0,2.0,0.0,0.0,2.0,1.0,4.0,0.0,2.0,1.0,6.0,1.0,1.0,0.0,0.0,1.0,0.0,0.0,0.0,1.0,0.0,0.0,0.0,0.0
0.0,0.0,0.0,3.0,1.0,2.0,0.0,3.0,2.0,0.0,0.0,0.0,2.0,0.0,1.0,0.0,1.0,1.0,1.0,1.0,1.0,1.0,0.0,0.0,0.0,4.0,0.0,2.0,0.0,1.0,0.0,2.0,5.0,0.0,2.0,1.0,9.0,1.0,1.0,0.0,0.0,0.0,0.0,0.0,0.0,1.0,0.0,0.0,0.0,0.0
0.0,0.0,1.0,5.0,1.0,2.0,0.0,3.0,1.0,0.0,0.0,0.0,2.0,0.0,1.0,1.0,1.0,1.0,1.0,0.0,1.0,0.0,0.0,0.0,0.0,6.0,0.0,2.0,1.0,1.0,1.0,2.0,0.0,0.0,0.0,1.0,9.0,1.0,2.0,0.0,0.0,0.0,0.0,0.0,0.0,0.0,0.0,0.0,0.0,0.0
0.0,0.0,1.0,5.0,1.0,2.0,0.0,3.0,1.0,0.0,1.0,2.0,1.0,1.0,1.0,1.0,2.0,1.0,1.0,0.0,1.0,0.0,0.0,0.0,0.0,0.0,1.0,1.0,1.0,1.0,1.0,3.0,0.0,1.0,1.0,1.0,4.0,3.0,0.0,0.0,0.0,1.0,0.0,0.0,0.0,0.0,0.0,0.0,0.0,0.0
1.0,0.0,1.0,0.0,3.0,1.0,0.0,1.0,1.0,0.0,1.0,2.0,2.0,4.0,1.0,1.0,1.0,1.0,0.0,0.0,0.0,0.0,0.0,0.0,0.0,1.0,3.0,1.0,1.0,0.0,2.0,0.0,2.0,1.0,1.0,2.0,6.0,3.0,0.0,0.0,0.0,1.0,0.0,0.0,0.0,0.0,0.0,0.0,0.0,0.0
0.0,0.0,1.0,2.0,3.0,2.0,0.0,2.0,1.0,0.0,1.0,0.0,2.0,4.0,2.0,1.0,1.0,2.0,0.0,0.0,0.0,1.0,0.0,0.0,0.0,1.0,3.0,3.0,1.0,0.0,2.0,1.0,5.0,0.0,2.0,1.0,6.0,1.0,0.0,0.0,0.0,1.0,0.0,0.0,0.0,0.0,0.0,0.0,0.0,0.0
0.0,0.0,2.0,2.0,0.0,2.0,0.0,2.0,2.0,1.0,1.0,0.0,2.0,2.0,2.0,0.0,1.0,2.0,0.0,0.0,0.0,1.0,0.0,1.0,0.0,2.0,0.0,3.0,0.0,0.0,1.0,2.0,7.0,0.0,3.0,4.0,6.0,2.0,0.0,0.0,0.0,0.0,0.0,0.0,0.0,0.0,0.0,1.0,0.0,0.0
0.0,0.0,3.0,2.0,1.0,2.0,1.0,2.0,2.0,1.0,0.0,1.0,3.0,2.0,2.0,0.0,1.0,2.0,0.0,0.0,0.0,0.0,0.0,1.0,0.0,4.0,0.0,3.0,1.0,0.0,1.0,2.0,0.0,0.0,0.0,4.0,7.0,3.0,0.0,0.0,0.0,0.0,1.0,0.0,0.0,0.0,0.0,0.0,0.0,0.0
0.0,0.0,5.0,4.0,2.0,2.0,2.0,6.0,3.0,2.0,0.0,1.0,2.0,5.0,0.0,0.0,2.0,4.0,0.0,0.0,0.0,0.0,0.0,0.0,0.0,0.0,0.0,2.0,2.0,0.0,1.0,4.0,0.0,0.0,0.0,4.0,1.0,6.0,0.0,0.0,0.0,0.0,1.0,0.0,0.0,0.0,0.0,0.0,0.0,0.0
0.0,0.0,7.0,0.0,2.0,0.0,2.0,0.0,3.0,3.0,0.0,2.0,2.0,7.0,0.0,0.0,0.0,4.0,1.0,0.0,0.0,0.0,0.0,0.0,0.0,4.0,0.0,2.0,3.0,2.0,4.0,1.0,4.0,0.0,0.0,6.0,5.0,7.0,2.0,0.0,0.0,0.0,0.0,1.0,0.0,0.0,0.0,0.0,0.0,0.0
0.0,0.0,7.0,1.0,5.0,0.0,2.0,0.0,3.0,0.0,0.0,0.0,3.0,9.0,1.0,0.0,0.0,5.0,1.0,0.0,0.0,0.0,0.0,0.0,0.0,5.0,0.0,2.0,5.0,2.0,6.0,1.0,5.0,0.0,1.0,0.0,7.0,2.0,3.0,0.0,0.0,1.0,0.0,1.0,1.0,0.0,0.0,0.0,0.0,0.0
0.0,0.0,0.0,1.0,1.0,0.0,2.0,2.0,4.0,0.0,0.0,0.0,4.0,1.0,1.0,0.0,0.0,0.0,1.0,0.0,0.0,0.0,0.0,0.0,0.0,8.0,0.0,2.0,1.0,4.0,1.0,1.0,7.0,0.0,1.0,0.0,7.0,3.0,3.0,0.0,0.0,0.0,0.0,1.0,3.0,0.0,0.0,0.0,0.0,0.0
0.0,0.0,0.0,1.0,1.0,0.0,0.0,3.0,0.0,0.0,0.0,1.0,4.0,1.0,1.0,0.0,0.0,0.0,2.0,0.0,0.0,0.0,0.0,0.0,0.0,9.0,0.0,4.0,3.0,4.0,1.0,4.0,1.0,1.0,1.0,0.0,9.0,5.0,3.0,0.0,0.0,1.0,1.0,0.0,3.0,0.0,0.0,0.0,0.0,0.0
0.0,0.0,0.0,1.0,2.0,1.0,0.0,4.0,1.0,0.0,0.0,3.0,2.0,2.0,0.0,1.0,0.0,1.0,2.0,0.0,0.0,0.0,0.0,0.0,0.0,1.0,1.0,1.0,3.0,4.0,1.0,4.0,1.0,1.0,1.0,1.0,1.0,5.0,1.0,0.0,0.0,1.0,1.0,0.0,3.0,0.0,1.0,0.0,0.0,0.0
0.0,0.0,1.0,0.0,2.0,0.0,1.0,0.0,1.0,0.0,0.0,3.0,3.0,2.0,0.0,1.0,0.0,1.0,0.0,0.0,0.0,0.0,0.0,0.0,0.0,1.0,2.0,2.0,3.0,1.0,1.0,3.0,4.0,2.0,1.0,1.0,1.0,5.0,2.0,0.0,0.0,2.0,0.0,0.0,0.0,0.0,1.0,0.0,0.0,0.0
0.0,0.0,5.0,1.0,3.0,0.0,1.0,0.0,3.0,0.0,0.0,0.0,4.0,6.0,0.0,1.0,0.0,1.0,0.0,0.0,0.0,0.0,0.0,0.0,0.0,1.0,4.0,3.0,3.0,1.0,2.0,3.0,4.0,1.0,3.0,1.0,2.0,2.0,3.0,0.0,0.0,2.0,0.0,0.0,0.0,0.0,1.0,0.0,0.0,0.0
0.0,0.0,1.0,1.0,0.0,0.0,1.0,0.0,3.0,1.0,0.0,0.0,5.0,1.0,1.0,1.0,0.0,1.0,0.0,0.0,0.0,0.0,1.0,0.0,0.0,1.0,2.0,4.0,0.0,2.0,1.0,4.0,7.0,1.0,4.0,1.0,3.0,4.0,3.0,0.0,1.0,0.0,1.0,0.0,0.0,0.0,1.0,0.0,0.0,0.0
0.0,0.0,1.0,4.0,1.0,0.0,0.0,2.0,0.0,2.0,0.0,1.0,8.0,2.0,1.0,1.0,0.0,1.0,0.0,1.0,0.0,0.0,1.0,0.0,0.0,2.0,3.0,4.0,1.0,2.0,1.0,5.0,0.0,2.0,0.0,1.0,5.0,6.0,4.0,0.0,1.0,0.0,1.0,0.0,0.0,0.0,1.0,0.0,0.0,0.0
0.0,1.0,1.0,5.0,1.0,1.0,2.0,3.0,0.0,2.0,0.0,1.0,4.0,2.0,0.0,3.0,0.0,2.0,0.0,1.0,0.0,0.0,1.0,0.0,0.0,0.0,3.0,0.0,2.0,2.0,4.0,6.0,1.0,2.0,0.0,1.0,0.0,10.0,1.0,0.0,0.0,0.0,1.0,0.0,0.0,1.0,1.0,0.0,0.0,0.0
0.0,1.0,2.0,1.0,2.0,1.0,3.0,1.0,1.0,2.0,0.0,3.0,4.0,3.0,1.0,3.0,1.0,2.0,0.0,1.0,0.0,0.0,1.0,0.0,0.0,1.0,5.0,0.0,2.0,0.0,6.0,0.0,4.0,2.0,2.0,2.0,1.0,10.0,1.0,0.0,0.0,0.0,0.0,0.0,0.0,1.0,1.0,0.0,0.0,0.0
0.0,1.0,4.0,2.0,3.0,1.0,3.0,1.0,1.0,0.0,0.0,0.0,4.0,3.0,1.0,4.0,1.0,3.0,1.0,1.0,0.0,0.0,0.0,0.0,0.0,2.0,6.0,3.0,2.0,0.0,6.0,0.0,6.0,0.0,3.0,2.0,3.0,2.0,2.0,0.0,1.0,0.0,2.0,0.0,1.0,1.0,0.0,0.0,0.0,0.0
0.0,1.0,2.0,3.0,0.0,1.0,4.0,1.0,5.0,0.0,0.0,1.0,5.0,3.0,2.0,0.0,1.0,0.0,1.0,1.0,0.0,0.0,0.0,0.0,0.0,2.0,0.0,5.0,0.0,0.0,0.0,0.0,8.0,0.0,3.0,3.0,7.0,3.0,3.0,0.0,2.0,0.0,4.0,0.0,1.0,1.0,0.0,0.0,0.0,0.0
0.0,1.0,2.0,4.0,0.0,1.0,1.0,2.0,0.0,1.0,0.0,1.0,6.0,4.0,2.0,1.0,1.0,1.0,1.0,0.0,0.0,0.0,0.0,0.0,0.0,3.0,2.0,6.0,0.0,0.0,1.0,1.0,2.0,1.0,0.0,7.0,9.0,4.0,3.0,1.0,2.0,0.0,4.0,0.0,2.0,0.0,0.0,0.0,0.0,0.0
0.0,0.0,2.0,4.0,0.0,1.0,3.0,2.0,0.0,2.0,0.0,2.0,0.0,7.0,1.0,1.0,1.0,1.0,2.0,0.0,0.0,0.0,0.0,0.0,0.0,2.0,2.0,1.0,2.0,0.0,2.0,2.0,3.0,1.0,1.0,7.0,3.0,5.0,0.0,1.0,0.0,0.0,5.0,0.0,2.0,0.0,0.0,0.0,0.0,0.0
0.0,0.0,4.0,0.0,1.0,0.0,3.0,1.0,0.0,2.0,0.0,2.0,0.0,10.0,3.0,1.0,0.0,1.0,0.0,1.0,0.0,0.0,0.0,0.0,0.0,3.0,2.0,1.0,4.0,0.0,2.0,3.0,4.0,2.0,1.0,9.0,4.0,9.0,1.0,1.0,0.0,1.0,1.0,0.0,0.0,0.0,0.0,0.0,0.0,0.0
0.0,0.0,6.0,1.0,1.0,3.0,4.0,2.0,1.0,0.0,0.0,1.0,1.0,10.0,3.0,1.0,0.0,2.0,1.0,2.0,0.0,0.0,0.0,0.0,0.0,6.0,2.0,1.0,5.0,1.0,4.0,4.0,5.0,2.0,1.0,2.0,4.0,1.0,1.0,1.0,0.0,2.0,1.0,0.0,0.0,0.0,0.0,0.0,0.0,0.0
0.0,0.0,0.0,2.0,1.0,3.0,4.0,3.0,1.0,0.0,0.0,2.0,1.0,1.0,3.0,1.0,0.0,0.0,2.0,2.0,1.0,0.0,0.0,0.0,0.0,9.0,2.0,1.0,1.0,2.0,0.0,4.0,6.0,3.0,3.0,3.0,4.0,3.0,1.0,0.0,0.0,0.0,1.0,0.0,0.0,0.0,0.0,0.0,0.0,0.0
0.0,1.0,1.0,2.0,1.0,3.0,1.0,3.0,0.0,0.0,0.0,3.0,1.0,1.0,3.0,1.0,0.0,0.0,4.0,0.0,1.0,0.0,0.0,0.0,0.0,10.0,2.0,2.0,2.0,3.0,0.0,4.0,3.0,5.0,1.0,3.0,4.0,4.0,1.0,0.0,0.0,0.0,1.0,0.0,1.0,2.0,0.0,0.0,0.0,0.0
0.0,0.0,1.0,4.0,1.0,4.0,1.0,3.0,0.0,0.0,0.0,5.0,1.0,1.0,0.0,1.0,0.0,2.0,5.0,0.0,1.0,0.0,1.0,0.0,0.0,1.0,3.0,0.0,3.0,3.0,1.0,6.0,5.0,5.0,1.0,4.0,0.0,4.0,0.0,0.0,0.0,0.0,1.0,0.0,1.0,2.0,0.0,0.0,0.0,0.0
0.0,0.0,1.0,1.0,1.0,2.0,2.0,2.0,1.0,0.0,0.0,7.0,2.0,4.0,0.0,1.0,1.0,3.0,0.0,0.0,0.0,1.0,1.0,0.0,0.0,3.0,3.0,1.0,4.0,0.0,2.0,4.0,9.0,5.0,2.0,5.0,3.0,5.0,0.0,0.0,0.0,0.0,1.0,0.0,0.0,3.0,0.0,0.0,0.0,0.0
0.0,0.0,2.0,4.0,1.0,3.0,2.0,2.0,1.0,1.0,0.0,0.0,2.0,5.0,3.0,2.0,1.0,3.0,0.0,0.0,0.0,1.0,1.0,0.0,0.0,6.0,3.0,2.0,4.0,0.0,3.0,4.0,10.0,1.0,3.0,2.0,5.0,1.0,0.0,0.0,0.0,0.0,1.0,0.0,0.0,3.0,0.0,0.0,0.0,0.0
0.0,0.0,2.0,5.0,0.0,6.0,3.0,4.0,1.0,1.0,0.0,1.0,4.0,1.0,3.0,0.0,1.0,2.0,0.0,0.0,0.0,1.0,1.0,0.0,0.0,11.0,0.0,2.0,1.0,1.0,2.0,5.0,12.0,3.0,3.0,5.0,5.0,1.0,1.0,0.0,0.0,0.0,2.0,0.0,0.0,4.0,0.0,0.0,0.0,0.0
0.0,0.0,3.0,6.0,0.0,7.0,1.0,6.0,0.0,1.0,0.0,1.0,5.0,3.0,5.0,0.0,2.0,4.0,0.0,0.0,0.0,0.0,1.0,0.0,0.0,11.0,1.0,3.0,2.0,2.0,4.0,6.0,2.0,4.0,0.0,5.0,10.0,2.0,1.0,0.0,0.0,1.0,3.0,1.0,0.0,0.0,0.0,0.0,0.0,0.0
0.0,0.0,4.0,7.0,1.0,7.0,1.0,9.0,1.0,3.0,0.0,2.0,1.0,6.0,0.0,1.0,2.0,4.0,0.0,1.0,0.0,0.0,1.0,0.0,0.0,1.0,1.0,1.0,2.0,2.0,4.0,6.0,4.0,5.0,0.0,6.0,2.0,2.0,0.0,0.0,0.0,2.0,5.0,1.0,0.0,0.0,1.0,0.0,0.0,0.0
0.0,0.0,7.0,0.0,3.0,1.0,3.0,2.0,2.0,3.0,1.0,3.0,2.0,6.0,1.0,1.0,0.0,5.0,0.0,1.0,0.0,0.0,1.0,0.0,0.0,1.0,3.0,2.0,3.0,0.0,6.0,1.0,5.0,6.0,0.0,8.0,5.0,3.0,1.0,0.0,0.0,2.0,0.0,1.0,0.0,0.0,1.0,0.0,0.0,0.0
0.0,0.0,8.0,2.0,3.0,4.0,3.0,3.0,2.0,0.0,1.0,2.0,2.0,7.0,2.0,1.0,0.0,5.0,1.0,3.0,1.0,0.0,0.0,0.0,0.0,1.0,4.0,3.0,4.0,1.0,6.0,1.0,8.0,0.0,3.0,3.0,6.0,2.0,1.0,0.0,0.0,2.0,0.0,1.0,0.0,0.0,0.0,0.0,0.0,0.0
1.0,0.0,1.0,5.0,2.0,6.0,3.0,3.0,2.0,0.0,1.0,2.0,2.0,1.0,2.0,0.0,0.0,2.0,2.0,4.0,2.0,0.0,0.0,0.0,0.0,3.0,2.0,3.0,0.0,1.0,2.0,2.0,10.0,0.0,3.0,3.0,9.0,8.0,1.0,0.0,0.0,1.0,0.0,1.0,0.0,0.0,1.0,0.0,0.0,0.0
1.0,0.0,1.0,7.0,5.0,7.0,1.0,5.0,1.0,1.0,0.0,2.0,3.0,2.0,3.0,0.0,0.0,2.0,2.0,0.0,2.0,0.0,0.0,1.0,0.0,4.0,2.0,5.0,1.0,3.0,5.0,2.0,2.0,0.0,0.0,4.0,14.0,11.0,3.0,0.0,0.0,2.0,0.0,0.0,0.0,0.0,1.0,0.0,0.0,0.0
1.0,0.0,1.0,9.0,8.0,8.0,1.0,5.0,1.0,1.0,0.0,3.0,1.0,2.0,1.0,0.0,0.0,2.0,2.0,0.0,2.0,0.0,0.0,0.0,0.0,1.0,5.0,1.0,1.0,3.0,5.0,4.0,4.0,1.0,0.0,4.0,1.0,14.0,2.0,0.0,0.0,2.0,3.0,1.0,0.0,0.0,1.0,0.0,0.0,0.0
1.0,0.0,3.0,2.0,8.0,0.0,1.0,1.0,1.0,1.0,0.0,3.0,2.0,2.0,2.0,1.0,1.0,3.0,1.0,0.0,1.0,1.0,0.0,0.0,0.0,1.0,5.0,2.0,2.0,1.0,6.0,2.0,5.0,1.0,0.0,5.0,5.0,15.0,3.0,0.0,0.0,4.0,1.0,1.0,0.0,0.0,1.0,1.0,0.0,0.0
0.0,0.0,3.0,3.0,9.0,0.0,1.0,3.0,2.0,0.0,0.0,0.0,4.0,3.0,3.0,3.0,1.0,4.0,1.0,0.0,1.0,1.0,0.0,0.0,0.0,3.0,6.0,3.0,2.0,1.0,8.0,5.0,6.0,1.0,0.0,3.0,7.0,3.0,3.0,0.0,0.0,4.0,3.0,1.0,0.0,0.0,0.0,1.0,0.0,0.0
0.0,0.0,0.0,6.0,0.0,0.0,1.0,5.0,2.0,0.0,0.0,0.0,5.0,0.0,3.0,1.0,1.0,0.0,2.0,0.0,1.0,1.0,1.0,0.0,0.0,5.0,0.0,4.0,1.0,3.0,1.0,6.0,7.0,1.0,1.0,5.0,10.0,6.0,3.0,0.0,0.0,0.0,3.0,1.0,0.0,0.0,0.0,1.0,0.0,0.0
0.0,0.0,3.0,8.0,1.0,0.0,0.0,11.0,0.0,0.0,0.0,1.0,6.0,1.0,4.0,3.0,1.0,0.0,2.0,0.0,1.0,0.0,1.0,0.0,0.0,6.0,1.0,6.0,1.0,3.0,1.0,7.0,1.0,1.0,2.0,5.0,13.0,8.0,3.0,0.0,0.0,2.0,3.0,0.0,0.0,0.0,0.0,0.0,0.0,0.0
0.0,0.0,6.0,8.0,1.0,2.0,1.0,12.0,0.0,0.0,0.0,1.0,1.0,2.0,0.0,3.0,1.0,0.0,2.0,2.0,1.0,0.0,1.0,0.0,0.0,4.0,3.0,0.0,4.0,5.0,3.0,10.0,2.0,2.0,3.0,6.0,2.0,9.0,2.0,0.0,1.0,2.0,3.0,0.0,0.0,0.0,0.0,0.0,0.0,0.0
0.0,0.0,8.0,1.0,2.0,0.0,5.0,2.0,2.0,0.0,0.0,2.0,3.0,5.0,1.0,5.0,0.0,1.0,0.0,3.0,0.0,0.0,2.0,0.0,0.0,4.0,3.0,1.0,4.0,0.0,4.0,2.0,3.0,3.0,4.0,6.0,7.0,10.0,2.0,0.0,1.0,4.0,0.0,0.0,1.0,0.0,0.0,1.0,0.0,0.0
0.0,0.0,9.0,4.0,3.0,1.0,6.0,4.0,4.0,0.0,0.0,1.0,3.0,6.0,2.0,5.0,1.0,1.0,0.0,4.0,0.0,1.0,0.0,0.0,0.0,10.0,3.0,1.0,4.0,2.0,5.0,2.0,4.0,0.0,4.0,1.0,11.0,3.0,2.0,0.0,1.0,5.0,0.0,0.0,1.0,0.0,0.0,1.0,0.0,0.0
0.0,0.0,2.0,5.0,1.0,3.0,6.0,6.0,4.0,0.0,0.0,2.0,6.0,3.0,2.0,1.0,1.0,0.0,1.0,4.0,0.0,1.0,0.0,0.0,0.0,14.0,0.0,1.0,2.0,3.0,2.0,3.0,6.0,0.0,6.0,2.0,14.0,6.0,2.0,0.0,2.0,0.0,0.0,0.0,1.0,0.0,1.0,1.0,0.0,0.0
0.0,1.0,4.0,7.0,4.0,3.0,0.0,9.0,0.0,0.0,0.0,3.0,8.0,4.0,3.0,1.0,1.0,1.0,2.0,1.0,0.0,0.0,0.0,0.0,0.0,14.0,2.0,4.0,5.0,5.0,4.0,6.0,1.0,1.0,0.0,2.0,16.0,8.0,4.0,0.0,2.0,0.0,0.0,0.0,1.0,0.0,1.0,0.0,0.0,0.0
0.0,0.0,6.0,8.0,5.0,4.0,0.0,12.0,0.0,1.0,0.0,3.0,3.0,5.0,0.0,1.0,3.0,2.0,2.0,1.0,0.0,0.0,0.0,0.0,0.0,5.0,3.0,0.0,5.0,6.0,5.0,9.0,4.0,1.0,0.0,4.0,2.0,9.0,1.0,0.0,0.0,0.0,0.0,0.0,1.0,0.0,1.0,0.0,0.0,0.0
0.0,0.0,7.0,2.0,5.0,1.0,0.0,2.0,1.0,2.0,0.0,4.0,3.0,6.0,1.0,1.0,1.0,2.0,2.0,3.0,0.0,0.0,0.0,0.0,0.0,6.0,5.0,0.0,5.0,1.0,5.0,4.0,5.0,2.0,1.0,5.0,7.0,11.0,3.0,0.0,0.0,1.0,0.0,1.0,0.0,0.0,1.0,0.0,0.0,0.0
0.0,0.0,13.0,4.0,7.0,1.0,0.0,2.0,2.0,0.0,0.0,1.0,3.0,6.0,2.0,1.0,1.0,2.0,3.0,3.0,0.0,0.0,0.0,0.0,0.0,8.0,5.0,3.0,5.0,3.0,6.0,6.0,10.0,2.0,1.0,1.0,10.0,4.0,3.0,0.0,1.0,1.0,0.0,1.0,1.0,1.0,0.0,0.0,0.0,0.0
1.0,0.0,2.0,7.0,0.0,1.0,0.0,2.0,3.0,0.0,1.0,3.0,6.0,3.0,2.0,0.0,1.0,0.0,3.0,3.0,0.0,0.0,0.0,0.0,0.0,13.0,1.0,3.0,0.0,3.0,1.0,7.0,14.0,3.0,2.0,4.0,15.0,6.0,4.0,0.0,1.0,0.0,1.0,2.0,1.0,1.0,0.0,0.0,0.0,0.0
1.0,0.0,4.0,9.0,2.0,1.0,3.0,3.0,2.0,0.0,1.0,3.0,7.0,6.0,4.0,1.0,1.0,0.0,3.0,1.0,1.0,0.0,0.0,0.0,0.0,16.0,3.0,3.0,0.0,5.0,2.0,9.0,2.0,4.0,1.0,6.0,17.0,6.0,4.0,0.0,1.0,0.0,1.0,0.0,1.0,1.0,0.0,0.0,0.0,0.0
1.0,1.0,5.0,11.0,4.0,4.0,3.0,5.0,3.0,0.0,1.0,3.0,0.0,8.0,0.0,2.0,1.0,1.0,3.0,1.0,1.0,1.0,0.0,0.0,0.0,0.0,3.0,0.0,3.0,7.0,2.0,11.0,3.0,4.0,1.0,7.0,3.0,9.0,2.0,0.0,0.0,0.0,2.0,1.0,2.0,2.0,0.0,0.0,0.0,0.0
1.0,2.0,5.0,6.0,4.0,0.0,3.0,2.0,3.0,0.0,1.0,3.0,2.0,8.0,3.0,2.0,0.0,1.0,0.0,3.0,0.0,1.0,0.0,0.0,0.0,5.0,4.0,3.0,4.0,0.0,3.0,2.0,8.0,4.0,3.0,7.0,4.0,11.0,3.0,0.0,0.0,0.0,0.0,1.0,0.0,2.0,0.0,0.0,0.0,0.0
0.0,2.0,7.0,11.0,8.0,0.0,3.0,6.0,4.0,1.0,2.0,0.0,5.0,9.0,3.0,3.0,1.0,1.0,1.0,3.0,1.0,2.0,0.0,0.0,0.0,7.0,7.0,3.0,7.0,0.0,5.0,7.0,12.0,2.0,3.0,1.0,5.0,2.0,6.0,0.0,0.0,0.0,0.0,1.0,0.0,2.0,0.0,0.0,0.0,0.0
0.0,3.0,0.0,11.0,3.0,1.0,3.0,8.0,5.0,1.0,3.0,2.0,6.0,0.0,4.0,0.0,1.0,1.0,1.0,3.0,1.0,2.0,0.0,1.0,0.0,9.0,3.0,3.0,0.0,2.0,1.0,11.0,16.0,3.0,3.0,1.0,8.0,4.0,8.0,1.0,0.0,0.0,0.0,1.0,0.0,2.0,0.0,0.0,0.0,0.0
0.0,3.0,2.0,15.0,7.0,1.0,2.0,11.0,0.0,1.0,0.0,2.0,7.0,4.0,4.0,1.0,2.0,2.0,1.0,0.0,2.0,0.0,0.0,1.0,0.0,13.0,3.0,6.0,2.0,4.0,4.0,13.0,3.0,3.0,4.0,1.0,12.0,6.0,8.0,1.0,1.0,0.0,1.0,0.0,0.0,1.0,0.0,0.0,0.0,0.0
0.0,0.0,3.0,15.0,10.0,2.0,4.0,14.0,2.0,2.0,0.0,2.0,3.0,6.0,2.0,1.0,2.0,4.0,1.0,2.0,3.0,0.0,1.0,0.0,0.0,6.0,3.0,0.0,3.0,5.0,9.0,14.0,7.0,3.0,7.0,1.0,0.0,7.0,1.0,1.0,0.0,0.0,1.0,0.0,0.0,1.0,0.0,0.0,0.0,0.0
0.0,0.0,3.0,2.0,12.0,4.0,4.0,0.0,2.0,2.0,0.0,2.0,5.0,7.0,3.0,1.0,0.0,5.0,0.0,4.0,0.0,0.0,1.0,0.0,0.0,8.0,4.0,0.0,4.0,0.0,10.0,0.0,7.0,4.0,7.0,4.0,2.0,9.0,1.0,1.0,1.0,0.0,1.0,0.0,1.0,1.0,0.0,0.0,0.0,0.0
0.0,0.0,5.0,3.0,13.0,5.0,7.0,0.0,3.0,1.0,0.0,1.0,5.0,11.0,4.0,1.0,0.0,5.0,0.0,5.0,0.0,0.0,0.0,0.0,0.0,13.0,4.0,0.0,5.0,2.0,11.0,6.0,8.0,0.0,10.0,1.0,4.0,4.0,3.0,1.0,2.0,2.0,2.0,0.0,1.0,1.0,0.0,0.0,0.0,0.0
0.0,0.0,2.0,7.0,1.0,6.0,7.0,0.0,5.0,1.0,0.0,5.0,5.0,3.0,5.0,0.0,0.0,1.0,0.0,7.0,0.0,0.0,0.0,0.0,0.0,14.0,1.0,0.0,0.0,3.0,1.0,7.0,10.0,0.0,12.0,2.0,9.0,7.0,3.0,0.0,2.0,0.0,3.0,0.0,1.0,1.0,0.0,0.0,0.0,0.0
0.0,1.0,4.0,9.0,2.0,6.0,2.0,2.0,1.0,4.0,0.0,5.0,7.0,5.0,6.0,1.0,0.0,1.0,1.0,0.0,1.0,0.0,1.0,0.0,0.0,18.0,2.0,0.0,1.0,6.0,1.0,8.0,3.0,0.0,0.0,4.0,12.0,7.0,4.0,0.0,2.0,1.0,3.0,0.0,1.0,0.0,1.0,0.0,0.0,0.0
0.0,0.0,5.0,11.0,5.0,6.0,2.0,2.0,3.0,4.0,0.0,6.0,2.0,7.0,1.0,1.0,0.0,1.0,1.0,0.0,1.0,0.0,1.0,0.0,0.0,2.0,3.0,3.0,4.0,8.0,2.0,8.0,5.0,0.0,2.0,6.0,7.0,9.0,1.0,0.0,0.0,1.0,3.0,0.0,1.0,2.0,1.0,1.0,0.0,0.0
0.0,0.0,6.0,1.0,5.0,1.0,3.0,1.0,3.0,4.0,0.0,7.0,2.0,10.0,2.0,1.0,0.0,1.0,2.0,2.0,0.0,0.0,1.0,0.0,0.0,3.0,4.0,4.0,7.0,0.0,4.0,1.0,5.0,0.0,2.0,7.0,11.0,13.0,2.0,1.0,0.0,3.0,0.0,0.0,0.0,2.0,1.0,1.0,0.0,0.0
0.0,0.0,12.0,2.0,5.0,1.0,4.0,2.0,3.0,0.0,0.0,1.0,4.0,11.0,3.0,1.0,0.0,1.0,2.0,2.0,0.0,1.0,1.0,0.0,0.0,5.0,5.0,5.0,8.0,1.0,7.0,7.0,8.0,0.0,2.0,1.0,14.0,6.0,5.0,1.0,0.0,3.0,2.0,0.0,0.0,2.0,0.0,1.0,0.0,0.0
0.0,0.0,2.0,5.0,0.0,2.0,6.0,3.0,4.0,0.0,1.0,1.0,7.0,4.0,5.0,1.0,0.0,1.0,2.0,3.0,0.0,1.0,1.0,0.0,0.0,10.0,1.0,6.0,1.0,2.0,0.0,11.0,12.0,0.0,3.0,4.0,16.0,8.0,5.0,0.0,0.0,0.0,4.0,0.0,0.0,3.0,1.0,1.0,0.0,0.0
0.0,0.0,3.0,10.0,2.0,3.0,0.0,5.0,1.0,1.0,0.0,1.0,10.0,6.0,5.0,1.0,0.0,2.0,4.0,1.0,0.0,0.0,1.0,0.0,0.0,11.0,2.0,7.0,4.0,4.0,1.0,12.0,3.0,1.0,1.0,6.0,18.0,13.0,7.0,0.0,0.0,0.0,4.0,0.0,0.0,0.0,1.0,0.0,0.0,0.0
0.0,0.0,4.0,13.0,3.0,5.0,0.0,8.0,2.0,2.0,0.0,3.0,3.0,9.0,0.0,2.0,0.0,2.0,4.0,1.0,0.0,0.0,1.0,0.0,0.0,3.0,4.0,0.0,4.0,4.0,1.0,15.0,6.0,1.0,1.0,7.0,3.0,16.0,2.0,0.0,1.0,0.0,4.0,0.0,1.0,0.0,2.0,0.0,0.0,0.0
0.0,0.0,5.0,4.0,9.0,0.0,1.0,1.0,3.0,4.0,0.0,3.0,6.0,9.0,0.0,4.0,0.0,2.0,1.0,1.0,0.0,0.0,1.0,0.0,0.0,6.0,5.0,1.0,4.0,3.0,4.0,1.0,10.0,1.0,2.0,10.0,8.0,17.0,4.0,0.0,1.0,0.0,0.0,0.0,0.0,0.0,2.0,0.0,0.0,0.0
0.0,0.0,7.0,7.0,10.0,2.0,1.0,3.0,5.0,0.0,0.0,1.0,8.0,10.0,0.0,4.0,0.0,3.0,2.0,2.0,0.0,0.0,0.0,0.0,0.0,12.0,6.0,3.0,5.0,3.0,4.0,2.0,11.0,1.0,4.0,2.0,10.0,12.0,4.0,1.0,1.0,1.0,0.0,0.0,0.0,0.0,0.0,0.0,0.0,0.0
0.0,0.0,1.0,8.0,1.0,2.0,2.0,5.0,6.0,0.0,1.0,2.0,11.0,0.0,1.0,2.0,0.0,1.0,2.0,3.0,0.0,0.0,0.0,1.0,0.0,14.0,1.0,4.0,1.0,4.0,0.0,4.0,12.0,1.0,4.0,5.0,16.0,13.0,5.0,0.0,1.0,1.0,0.0,0.0,0.0,0.0,0.0,0.0,0.0,0.0
0.0,0.0,4.0,9.0,4.0,3.0,1.0,8.0,0.0,0.0,0.0,2.0,12.0,3.0,2.0,3.0,1.0,2.0,2.0,0.0,0.0,0.0,0.0,1.0,0.0,15.0,4.0,5.0,1.0,6.0,1.0,5.0,2.0,2.0,3.0,7.0,16.0,16.0,6.0,0.0,1.0,1.0,0.0,0.0,0.0,0.0,0.0,0.0,0.0,0.0
0.0,0.0,7.0,11.0,6.0,3.0,2.0,9.0,2.0,0.0,0.0,2.0,1.0,6.0,0.0,4.0,1.0,3.0,2.0,1.0,0.0,0.0,0.0,0.0,0.0,2.0,5.0,1.0,3.0,10.0,6.0,7.0,7.0,4.0,4.0,8.0,2.0,18.0,1.0,0.0,0.0,1.0,0.0,0.0,0.0,0.0,0.0,0.0,0.0,0.0
0.0,0.0,9.0,1.0,6.0,0.0,3.0,0.0,5.0,0.0,0.0,4.0,2.0,7.0,2.0,5.0,0.0,4.0,0.0,1.0,0.0,0.0,0.0,0.0,0.0,3.0,8.0,2.0,4.0,1.0,8.0,4.0,8.0,5.0,7.0,9.0,5.0,22.0,1.0,0.0,1.0,2.0,0.0,0.0,0.0,0.0,0.0,0.0,0.0,0.0
0.0,0.0,12.0,3.0,6.0,0.0,3.0,2.0,5.0,1.0,0.0,0.0,5.0,11.0,2.0,5.0,0.0,4.0,1.0,1.0,0.0,0.0,0.0,0.0,0.0,3.0,13.0,4.0,5.0,3.0,10.0,6.0,12.0,1.0,7.0,1.0,9.0,14.0,6.0,0.0,1.0,2.0,1.0,0.0,0.0,0.0,0.0,0.0,0.0,0.0
0.0,0.0,2.0,7.0,4.0,1.0,3.0,4.0,7.0,2.0,0.0,2.0,8.0,3.0,3.0,0.0,1.0,1.0,1.0,1.0,1.0,1.0,1.0,0.0,0.0,4.0,2.0,4.0,1.0,5.0,4.0,7.0,12.0,3.0,9.0,1.0,17.0,18.0,7.0,0.0,1.0,0.0,1.0,0.0,0.0,0.0,0.0,0.0,0.0,0.0
0.0,0.0,4.0,8.0,7.0,3.0,0.0,5.0,0.0,3.0,0.0,3.0,8.0,4.0,4.0,0.0,3.0,2.0,1.0,0.0,2.0,0.0,1.0,0.0,0.0,5.0,2.0,4.0,2.0,6.0,6.0,9.0,3.0,7.0,5.0,2.0,21.0,18.0,9.0,0.0,1.0,2.0,3.0,0.0,0.0,0.0,0.0,0.0,0.0,0.0
0.0,1.0,7.0,13.0,10.0,3.0,2.0,7.0,0.0,3.0,1.0,5.0,0.0,8.0,0.0,2.0,4.0,2.0,2.0,0.0,2.0,0.0,1.0,0.0,0.0,0.0,2.0,2.0,3.0,10.0,7.0,9.0,4.0,9.0,8.0,4.0,15.0,23.0,1.0,0.0,0.0,2.0,5.0,0.0,0.0,0.0,0.0,0.0,0.0,0.0
0.0,1.0,8.0,1.0,16.0,0.0,2.0,0.0,0.0,3.0,1.0,5.0,1.0,12.0,1.0,2.0,0.0,3.0,0.0,0.0,0.0,1.0,1.0,0.0,0.0,2.0,4.0,2.0,4.0,2.0,10.0,2.0,9.0,10.0,10.0,5.0,19.0,28.0,2.0,1.0,0.0,3.0,0.0,1.0,0.0,0.0,0.0,0.0,0.0,0.0
0.0,1.0,8.0,2.0,17.0,1.0,2.0,1.0,0.0,1.0,1.0,3.0,3.0,14.0,2.0,3.0,1.0,3.0,0.0,2.0,0.0,2.0,0.0,0.0,0.0,7.0,5.0,3.0,5.0,5.0,10.0,6.0,15.0,2.0,11.0,2.0,21.0,19.0,4.0,1.0,0.0,4.0,1.0,1.0,0.0,1.0,1.0,0.0,0.0,0.0
0.0,1.0,4.0,3.0,4.0,1.0,5.0,3.0,1.0,1.0,1.0,7.0,5.0,5.0,4.0,0.0,2.0,0.0,1.0,4.0,1.0,2.0,0.0,0.0,0.0,11.0,3.0,5.0,2.0,6.0,2.0,10.0,18.0,2.0,13.0,3.0,24.0,22.0,6.0,0.0,0.0,1.0,3.0,1.0,0.0,1.0,1.0,0.0,0.0,0.0
0.0,1.0,6.0,5.0,6.0,2.0,2.0,4.0,3.0,2.0,0.0,7.0,7.0,6.0,4.0,0.0,2.0,1.0,1.0,0.0,1.0,0.0,1.0,0.0,0.0,15.0,4.0,6.0,3.0,6.0,4.0,13.0,8.0,3.0,2.0,6.0,29.0,25.0,6.0,0.0,1.0,1.0,3.0,0.0,0.0,0.0,1.0,0.0,0.0,0.0
1.0,0.0,9.0,7.0,8.0,3.0,3.0,12.0,5.0,2.0,0.0,8.0,1.0,7.0,2.0,1.0,2.0,2.0,1.0,0.0,2.0,0.0,1.0,0.0,0.0,2.0,4.0,0.0,5.0,9.0,5.0,18.0,10.0,4.0,4.0,7.0,19.0,26.0,2.0,0.0,0.0,1.0,3.0,0.0,0.0,0.0,2.0,0.0,0.0,0.0
1.0,0.0,16.0,2.0,10.0,4.0,4.0,1.0,5.0,3.0,0.0,9.0,3.0,11.0,4.0,3.0,0.0,4.0,2.0,0.0,0.0,0.0,1.0,0.0,0.0,8.0,7.0,0.0,6.0,1.0,8.0,5.0,15.0,4.0,5.0,8.0,22.0,30.0,3.0,0.0,1.0,2.0,0.0,0.0,0.0,0.0,2.0,0.0,0.0,0.0
0.0,0.0,17.0,3.0,12.0,4.0,4.0,1.0,7.0,0.0,0.0,3.0,3.0,12.0,5.0,3.0,0.0,5.0,2.0,0.0,0.0,0.0,0.0,0.0,0.0,12.0,9.0,3.0,7.0,5.0,10.0,8.0,16.0,0.0,5.0,3.0,26.0,26.0,4.0,0.0,1.0,2.0,0.0,0.0,1.0,0.0,0.0,0.0,0.0,0.0
0.0,0.0,4.0,5.0,2.0,5.0,6.0,4.0,9.0,0.0,0.0,5.0,4.0,1.0,7.0,2.0,2.0,1.0,2.0,0.0,1.0,0.0,0.0,0.0,0.0,16.0,0.0,7.0,0.0,6.0,2.0,11.0,19.0,0.0,6.0,6.0,31.0,29.0,4.0,0.0,3.0,0.0,2.0,0.0,2.0,0.0,0.0,0.0,0.0,0.0
0.0,0.0,6.0,9.0,6.0,5.0,2.0,7.0,2.0,0.0,0.0,7.0,7.0,4.0,7.0,3.0,2.0,1.0,2.0,3.0,1.0,0.0,0.0,0.0,0.0,17.0,2.0,7.0,1.0,7.0,4.0,12.0,6.0,0.0,4.0,12.0,35.0,32.0,4.0,0.0,3.0,0.0,2.0,1.0,2.0,0.0,0.0,0.0,0.0,0.0
0.0,0.0,6.0,12.0,8.0,6.0,2.0,8.0,2.0,0.0,0.0,8.0,1.0,5.0,1.0,3.0,2.0,3.0,2.0,4.0,1.0,0.0,0.0,0.0,0.0,2.0,3.0,0.0,2.0,10.0,6.0,13.0,10.0,1.0,5.0,15.0,26.0,35.0,0.0,0.0,0.0,0.0,2.0,1.0,2.0,2.0,0.0,0.0,0.0,0.0
0.0,0.0,9.0,2.0,10.0,1.0,2.0,3.0,4.0,0.0,0.0,8.0,3.0,7.0,1.0,3.0,0.0,3.0,1.0,5.0,0.0,0.0,0.0,0.0,0.0,6.0,4.0,2.0,2.0,0.0,6.0,4.0,11.0,2.0,7.0,17.0,29.0,36.0,0.0,0.0,0.0,0.0,1.0,1.0,0.0,3.0,1.0,0.0,0.0,0.0
0.0,0.0,13.0,6.0,12.0,2.0,2.0,8.0,5.0,0.0,0.0,0.0,4.0,9.0,1.0,4.0,0.0,3.0,2.0,6.0,0.0,0.0,0.0,0.0,0.0,6.0,7.0,2.0,2.0,1.0,9.0,7.0,15.0,0.0,11.0,15.0,32.0,28.0,2.0,0.0,1.0,0.0,1.0,1.0,0.0,3.0,0.0,0.0,0.0,0.0
0.0,1.0,0.0,10.0,0.0,2.0,2.0,9.0,6.0,0.0,0.0,1.0,5.0,3.0,1.0,0.0,0.0,0.0,3.0,11.0,0.0,0.0,0.0,0.0,0.0,8.0,2.0,3.0,2.0,4.0,3.0,8.0,19.0,1.0,13.0,17.0,35.0,32.0,2.0,0.0,1.0,1.0,2.0,1.0,0.0,3.0,0.0,0.0,0.0,0.0
0.0,1.0,2.0,13.0,2.0,3.0,1.0,12.0,1.0,1.0,0.0,2.0,8.0,4.0,1.0,0.0,0.0,1.0,3.0,0.0,1.0,0.0,0.0,0.0,0.0,12.0,2.0,3.0,4.0,5.0,5.0,11.0,2.0,3.0,13.0,19.0,42.0,34.0,5.0,0.0,1.0,1.0,2.0,0.0,1.0,0.0,0.0,0.0,0.0,0.0
0.0,0.0,5.0,15.0,4.0,4.0,1.0,13.0,3.0,3.0,0.0,2.0,5.0,5.0,2.0,0.0,0.0,3.0,3.0,1.0,1.0,1.0,0.0,0.0,0.0,5.0,5.0,3.0,6.0,9.0,7.0,15.0,7.0,4.0,14.0,21.0,37.0,36.0,1.0,1.0,0.0,1.0,2.0,0.0,1.0,0.0,0.0,0.0,0.0,0.0
0.0,0.0,8.0,2.0,4.0,0.0,2.0,1.0,3.0,3.0,0.0,3.0,8.0,6.0,4.0,1.0,0.0,3.0,0.0,1.0,0.0,1.0,0.0,0.0,0.0,7.0,7.0,4.0,9.0,1.0,9.0,2.0,9.0,4.0,15.0,24.0,40.0,38.0,3.0,1.0,1.0,4.0,0.0,0.0,0.0,0.0,0.0,0.0,0.0,0.0
0.0,0.0,11.0,2.0,6.0,1.0,3.0,3.0,5.0,1.0,0.0,3.0,11.0,7.0,4.0,1.0,0.0,5.0,2.0,3.0,1.0,1.0,0.0,0.0,0.0,8.0,7.0,6.0,12.0,1.0,13.0,5.0,13.0,4.0,19.0,25.0,48.0,33.0,4.0,1.0,1.0,4.0,0.0,0.0,1.0,0.0,0.0,1.0,0.0,0.0
1.0,0.0,3.0,4.0,0.0,2.0,4.0,4.0,5.0,2.0,0.0,5.0,12.0,3.0,6.0,0.0,0.0,1.0,2.0,3.0,2.0,1.0,0.0,0.0,0.0,13.0,3.0,9.0,3.0,2.0,5.0,7.0,15.0,4.0,21.0,27.0,52.0,36.0,4.0,0.0,1.0,0.0,1.0,0.0,1.0,0.0,0.0,1.0,0.0,0.0
1.0,0.0,9.0,10.0,0.0,3.0,0.0,9.0,0.0,2.0,1.0,7.0,14.0,5.0,7.0,3.0,0.0,1.0,2.0,2.0,2.0,0.0,0.0,0.0,0.0,14.0,3.0,10.0,4.0,5.0,6.0,8.0,2.0,5.0,19.0,28.0,53.0,38.0,4.0,0.0,3.0,0.0,3.0,1.0,1.0,0.0,0.0,0.0,0.0,0.0
1.0,0.0,9.0,13.0,4.0,5.0,2.0,11.0,1.0,2.0,1.0,11.0,2.0,8.0,1.0,3.0,2.0,1.0,4.0,2.0,2.0,0.0,1.0,0.0,0.0,4.0,4.0,2.0,6.0,6.0,6.0,12.0,5.0,6.0,22.0,32.0,45.0,42.0,0.0,0.0,0.0,0.0,5.0,1.0,1.0,0.0,0.0,0.0,0.0,0.0
2.0,0.0,11.0,3.0,4.0,1.0,3.0,5.0,6.0,5.0,1.0,15.0,8.0,10.0,3.0,3.0,0.0,2.0,1.0,2.0,0.0,1.0,1.0,0.0,0.0,7.0,4.0,8.0,7.0,2.0,7.0,1.0,7.0,7.0,23.0,32.0,48.0,46.0,1.0,0.0,0.0,1.0,1.0,1.0,1.0,0.0,0.0,0.0,0.0,0.0
0.0,0.0,12.0,9.0,8.0,5.0,3.0,10.0,6.0,0.0,1.0,3.0,12.0,11.0,4.0,4.0,1.0,3.0,3.0,2.0,1.0,2.0,0.0,1.0,0.0,10.0,4.0,10.0,7.0,3.0,10.0,3.0,9.0,0.0,27.0,30.0,54.0,43.0,3.0,0.0,0.0,1.0,1.0,2.0,1.0,0.0,0.0,0.0,0.0,0.0
0.0,0.0,0.0,15.0,1.0,5.0,4.0,14.0,8.0,0.0,1.0,3.0,13.0,5.0,4.0,1.0,2.0,0.0,6.0,2.0,2.0,2.0,1.0,1.0,0.0,13.0,3.0,11.0,5.0,3.0,5.0,4.0,12.0,0.0,32.0,34.0,56.0,47.0,3.0,0.0,1.0,1.0,2.0,2.0,1.0,0.0,1.0,0.0,0.0,0.0
0.0,0.0,6.0,17.0,2.0,5.0,0.0,17.0,1.0,0.0,0.0,4.0,15.0,10.0,6.0,1.0,2.0,2.0,7.0,0.0,2.0,0.0,1.0,1.0,0.0,13.0,6.0,12.0,6.0,6.0,7.0,6.0,5.0,3.0,21.0,34.0,60.0,48.0,5.0,0.0,1.0,1.0,4.0,0.0,1.0,0.0,1.0,0.0,0.0,0.0
0.0,0.0,9.0,19.0,4.0,6.0,2.0,22.0,2.0,0.0,0.0,4.0,2.0,11.0,1.0,1.0,2.0,2.0,8.0,1.0,2.0,0.0,1.0,0.0,0.0,4.0,8.0,3.0,7.0,7.0,7.0,9.0,6.0,6.0,23.0,37.0,56.0,52.0,0.0,0.0,0.0,1.0,5.0,0.0,1.0,1.0,2.0,0.0,0.0,0.0
0.0,0.0,11.0,2.0,7.0,0.0,4.0,1.0,3.0,0.0,0.0,4.0,5.0,13.0,3.0,2.0,0.0,3.0,1.0,2.0,0.0,0.0,2.0,0.0,0.0,9.0,11.0,4.0,9.0,1.0,7.0,2.0,11.0,7.0,24.0,42.0,61.0,55.0,2.0,0.0,0.0,2.0,1.0,0.0,1.0,3.0,2.0,0.0,0.0,0.0
0.0,0.0,15.0,3.0,11.0,1.0,5.0,3.0,3.0,2.0,0.0,1.0,7.0,17.0,4.0,2.0,1.0,6.0,2.0,2.0,0.0,0.0,0.0,0.0,0.0,13.0,16.0,11.0,11.0,4.0,9.0,5.0,11.0,3.0,27.0,35.0,64.0,53.0,2.0,0.0,1.0,2.0,1.0,0.0,1.0,3.0,0.0,0.0,0.0,0.0
0.0,0.0,2.0,6.0,4.0,2.0,6.0,6.0,4.0,3.0,0.0,3.0,8.0,3.0,4.0,0.0,1.0,0.0,2.0,2.0,0.0,0.0,1.0,0.0,0.0,14.0,7.0,11.0,0.0,6.0,1.0,7.0,13.0,4.0,30.0,37.0,70.0,54.0,2.0,0.0,2.0,0.0,2.0,1.0,1.0,3.0,0.0,0.0,0.0,0.0
0.0,0.0,7.0,8.0,5.0,4.0,3.0,7.0,0.0,4.0,0.0,7.0,10.0,6.0,4.0,0.0,1.0,2.0,4.0,2.0,0.0,0.0,1.0,0.0,0.0,17.0,8.0,13.0,3.0,7.0,3.0,8.0,4.0,5.0,24.0,38.0,71.0,58.0,3.0,0.0,3.0,0.0,2.0,0.0,1.0,0.0,0.0,0.0,0.0,0.0
0.0,0.0,9.0,10.0,9.0,6.0,3.0,10.0,2.0,4.0,0.0,7.0,2.0,10.0,1.0,1.0,1.0,3.0,4.0,2.0,0.0,0.0,1.0,0.0,0.0,2.0,11.0,3.0,6.0,9.0,4.0,9.0,4.0,7.0,26.0,38.0,69.0,58.0,0.0,0.0,2.0,1.0,6.0,0.0,1.0,0.0,0.0,1.0,0.0,0.0
0.0,0.0,11.0,4.0,12.0,0.0,4.0,1.0,3.0,5.0,0.0,8.0,3.0,11.0,1.0,2.0,0.0,3.0,0.0,2.0,1.0,0.0,1.0,0.0,0.0,9.0,13.0,5.0,8.0,3.0,8.0,1.0,6.0,8.0,28.0,41.0,73.0,61.0,0.0,0.0,2.0,1.0,0.0,0.0,0.0,0.0,1.0,1.0,0.0,0.0
0.0,0.0,14.0,9.0,12.0,0.0,4.0,3.0,4.0,0.0,0.0,2.0,6.0,15.0,1.0,2.0,0.0,4.0,0.0,2.0,1.0,0.0,0.0,0.0,0.0,11.0,13.0,6.0,9.0,5.0,10.0,4.0,7.0,1.0,28.0,36.0,82.0,60.0,3.0,0.0,3.0,1.0,0.0,0.0,0.0,0.0,0.0,1.0,0.0,0.0
0.0,0.0,2.0,11.0,0.0,1.0,6.0,6.0,4.0,0.0,0.0,4.0,8.0,1.0,1.0,1.0,0.0,2.0,0.0,3.0,1.0,0.0,0.0,0.0,0.0,11.0,1.0,8.0,3.0,5.0,2.0,8.0,11.0,3.0,34.0,37.0,85.0,61.0,3.0,0.0,3.0,0.0,0.0,0.0,0.0,1.0,1.0,1.0,0.0,0.0
0.0,0.0,6.0,13.0,3.0,1.0,1.0,7.0,1.0,1.0,0.0,7.0,9.0,4.0,1.0,2.0,0.0,2.0,0.0,1.0,1.0,0.0,0.0,0.0,0.0,14.0,1.0,11.0,5.0,6.0,6.0,12.0,3.0,5.0,31.0,37.0,89.0,61.0,3.0,0.0,3.0,0.0,0.0,0.0,1.0,1.0,1.0,0.0,0.0,0.0
0.0,0.0,11.0,13.0,5.0,4.0,1.0,10.0,3.0,4.0,0.0,7.0,2.0,8.0,1.0,2.0,0.0,2.0,2.0,2.0,1.0,0.0,0.0,1.0,0.0,2.0,3.0,0.0,5.0,7.0,8.0,14.0,5.0,6.0,32.0,39.0,84.0,65.0,3.0,0.0,0.0,0.0,2.0,0.0,1.0,1.0,1.0,0.0,0.0,0.0
0.0,0.0,14.0,4.0,8.0,1.0,1.0,2.0,4.0,5.0,0.0,10.0,2.0,11.0,2.0,2.0,0.0,3.0,0.0,2.0,0.0,0.0,0.0,1.0,0.0,4.0,4.0,2.0,6.0,2.0,9.0,3.0,12.0,7.0,33.0,40.0,87.0,71.0,3.0,0.0,0.0,0.0,1.0,0.0,0.0,1.0,1.0,0.0,0.0,0.0
0.0,0.0,18.0,7.0,9.0,2.0,3.0,4.0,4.0,0.0,0.0,3.0,8.0,14.0,2.0,2.0,1.0,4.0,1.0,2.0,0.0,0.0,0.0,1.0,0.0,10.0,4.0,3.0,8.0,5.0,16.0,4.0,12.0,0.0,35.0,36.0,90.0,68.0,4.0,0.0,0.0,0.0,1.0,1.0,0.0,2.0,0.0,0.0,0.0,0.0
0.0,0.0,1.0,9.0,1.0,3.0,5.0,5.0,6.0,0.0,0.0,6.0,12.0,2.0,3.0,0.0,1.0,0.0,1.0,2.0,1.0,0.0,0.0,1.0,0.0,13.0,1.0,4.0,1.0,7.0,0.0,7.0,14.0,1.0,36.0,37.0,93.0,71.0,4.0,0.0,0.0,1.0,1.0,1.0,1.0,2.0,0.0,0.0,0.0,0.0
0.0,0.0,4.0,11.0,5.0,5.0,1.0,7.0,0.0,0.0,0.0,7.0,13.0,3.0,6.0,1.0,1.0,0.0,1.0,1.0,1.0,0.0,0.0,1.0,0.0,16.0,1.0,5.0,5.0,8.0,2.0,10.0,11.0,2.0,34.0,38.0,97.0,79.0,4.0,0.0,0.0,1.0,1.0,0.0,1.0,0.0,0.0,0.0,0.0,0.0
0.0,0.0,9.0,14.0,6.0,6.0,1.0,10.0,0.0,0.0,0.0,7.0,2.0,3.0,1.0,3.0,1.0,4.0,1.0,1.0,1.0,0.0,0.0,0.0,0.0,1.0,4.0,1.0,6.0,10.0,3.0,13.0,13.0,3.0,35.0,38.0,98.0,80.0,1.0,0.0,0.0,2.0,3.0,1.0,1.0,0.0,1.0,1.0,0.0,0.0
0.0,0.0,9.0,1.0,8.0,1.0,1.0,1.0,2.0,2.0,0.0,7.0,5.0,6.0,1.0,3.0,0.0,4.0,1.0,1.0,1.0,0.0,0.0,0.0,0.0,3.0,4.0,3.0,6.0,2.0,7.0,5.0,21.0,4.0,36.0,40.0,101.0,85.0,3.0,0.0,0.0,2.0,0.0,2.0,0.0,1.0,2.0,1.0,0.0,0.0
0.0,0.0,12.0,4.0,14.0,2.0,1.0,6.0,4.0,0.0,0.0,2.0,7.0,8.0,1.0,7.0,3.0,5.0,1.0,1.0,1.0,0.0,1.0,0.0,0.0,4.0,6.0,4.0,8.0,2.0,8.0,10.0,24.0,5.0,38.0,38.0,111.0,83.0,4.0,1.0,0.0,2.0,0.0,2.0,0.0,1.0,0.0,1.0,0.0,0.0
0.0,0.0,3.0,8.0,5.0,3.0,1.0,8.0,5.0,1.0,0.0,3.0,11.0,5.0,2.0,0.0,3.0,0.0,1.0,2.0,1.0,0.0,1.0,0.0,0.0,10.0,5.0,5.0,0.0,4.0,0.0,12.0,26.0,5.0,39.0,38.0,112.0,85.0,6.0,0.0,0.0,0.0,1.0,2.0,0.0,1.0,0.0,1.0,0.0,0.0
0.0,0.0,3.0,12.0,7.0,5.0,2.0,9.0,1.0,1.0,0.0,3.0,15.0,9.0,3.0,0.0,3.0,2.0,1.0,2.0,1.0,0.0,1.0,0.0,0.0,14.0,6.0,6.0,0.0,4.0,1.0,15.0,26.0,6.0,32.0,40.0,118.0,88.0,7.0,0.0,1.0,2.0,1.0,0.0,0.0,0.0,0.0,0.0,0.0,0.0
0.0,0.0,9.0,14.0,8.0,5.0,2.0,10.0,2.0,2.0,0.0,3.0,3.0,12.0,0.0,0.0,4.0,3.0,2.0,3.0,3.0,0.0,1.0,0.0,0.0,6.0,9.0,2.0,2.0,6.0,2.0,16.0,29.0,8.0,33.0,45.0,114.0,88.0,2.0,0.0,1.0,2.0,3.0,0.0,0.0,0.0,0.0,0.0,0.0,0.0
0.0,0.0,9.0,2.0,12.0,3.0,4.0,4.0,5.0,3.0,0.0,4.0,3.0,14.0,0.0,0.0,1.0,3.0,0.0,3.0,0.0,0.0,1.0,0.0,0.0,9.0,9.0,2.0,4.0,0.0,4.0,3.0,31.0,9.0,36.0,47.0,115.0,88.0,4.0,0.0,2.0,3.0,0.0,0.0,0.0,0.0,1.0,0.0,0.0,0.0
0.0,0.0,12.0,6.0,15.0,5.0,4.0,7.0,5.0,1.0,0.0,1.0,7.0,15.0,3.0,2.0,1.0,6.0,1.0,3.0,0.0,0.0,0.0,0.0,0.0,13.0,10.0,2.0,5.0,1.0,8.0,4.0,31.0,8.0,36.0,45.0,118.0,86.0,5.0,0.0,2.0,3.0,1.0,0.0,0.0,0.0,0.0,0.0,0.0,0.0
0.0,0.0,2.0,6.0,1.0,6.0,6.0,8.0,5.0,1.0,0.0,2.0,11.0,4.0,3.0,0.0,1.0,2.0,2.0,4.0,0.0,0.0,0.0,0.0,0.0,17.0,2.0,6.0,0.0,5.0,1.0,5.0,31.0,9.0,37.0,46.0,126.0,88.0,7.0,0.0,2.0,1.0,2.0,0.0,0.0,0.0,0.0,1.0,0.0,0.0
0.0,0.0,3.0,10.0,3.0,7.0,4.0,11.0,0.0,1.0,0.0,3.0,11.0,11.0,3.0,1.0,1.0,5.0,2.0,2.0,0.0,1.0,0.0,0.0,0.0,19.0,5.0,8.0,5.0,6.0,1.0,8.0,31.0,10.0,39.0,49.0,135.0,92.0,9.0,0.0,2.0,2.0,2.0,0.0,0.0,0.0,0.0,1.0,0.0,0.0
0.0,1.0,8.0,10.0,4.0,8.0,5.0,12.0,3.0,1.0,0.0,3.0,2.0,12.0,1.0,1.0,1.0,6.0,5.0,2.0,0.0,1.0,0.0,0.0,0.0,1.0,7.0,2.0,6.0,7.0,2.0,11.0,37.0,10.0,40.0,50.0,134.0,95.0,0.0,0.0,0.0,2.0,2.0,0.0,0.0,0.0,0.0,1.0,0.0,0.0
0.0,1.0,10.0,5.0,6.0,1.0,5.0,3.0,5.0,1.0,0.0,4.0,7.0,14.0,1.0,2.0,0.0,7.0,1.0,2.0,2.0,1.0,0.0,0.0,0.0,3.0,8.0,6.0,11.0,2.0,4.0,1.0,40.0,11.0,40.0,50.0,135.0,95.0,2.0,1.0,1.0,2.0,0.0,0.0,1.0,1.0,0.0,1.0,0.0,0.0
0.0,1.0,14.0,7.0,10.0,4.0,7.0,4.0,6.0,2.0,1.0,3.0,8.0,15.0,2.0,2.0,0.0,8.0,2.0,2.0,2.0,1.0,0.0,0.0,0.0,8.0,8.0,7.0,13.0,3.0,5.0,3.0,43.0,11.0,40.0,47.0,141.0,93.0,2.0,1.0,2.0,2.0,3.0,0.0,2.0,1.0,0.0,1.0,0.0,0.0
0.0,1.0,3.0,8.0,0.0,6.0,7.0,8.0,10.0,3.0,1.0,3.0,10.0,1.0,2.0,2.0,0.0,3.0,2.0,2.0,3.0,1.0,0.0,0.0,0.0,12.0,1.0,7.0,2.0,7.0,2.0,4.0,49.0,12.0,41.0,48.0,144.0,93.0,4.0,0.0,3.0,0.0,4.0,0.0,3.0,2.0,0.0,1.0,0.0,0.0
0.0,1.0,6.0,10.0,1.0,8.0,0.0,10.0,0.0,4.0,1.0,5.0,11.0,6.0,3.0,4.0,0.0,5.0,5.0,0.0,3.0,0.0,0.0,0.0,0.0,19.0,2.0,8.0,2.0,8.0,5.0,7.0,31.0,15.0,38.0,50.0,148.0,93.0,5.0,0.0,3.0,0.0,4.0,0.0,4.0,0.0,0.0,0.0,0.0,0.0
0.0,1.0,8.0,12.0,4.0,9.0,0.0,10.0,0.0,5.0,1.0,8.0,2.0,7.0,2.0,4.0,0.0,5.0,6.0,2.0,5.0,1.0,0.0,0.0,0.0,1.0,6.0,3.0,5.0,9.0,7.0,11.0,34.0,17.0,41.0,53.0,141.0,94.0,0.0,0.0,1.0,0.0,5.0,0.0,4.0,0.0,0.0,0.0,0.0,0.0
0.0,1.0,11.0,4.0,5.0,1.0,0.0,2.0,0.0,7.0,1.0,9.0,4.0,10.0,5.0,4.0,0.0,7.0,0.0,2.0,0.0,2.0,0.0,0.0,0.0,4.0,8.0,5.0,7.0,1.0,8.0,0.0,38.0,18.0,46.0,53.0,143.0,98.0,0.0,0.0,1.0,0.0,2.0,0.0,0.0,0.0,0.0,0.0,0.0,0.0
0.0,1.0,16.0,6.0,10.0,1.0,0.0,4.0,0.0,0.0,1.0,2.0,6.0,13.0,7.0,5.0,0.0,9.0,2.0,3.0,1.0,2.0,0.0,0.0,0.0,10.0,11.0,6.0,8.0,2.0,8.0,7.0,38.0,16.0,47.0,53.0,150.0,96.0,1.0,0.0,1.0,1.0,2.0,1.0,0.0,0.0,1.0,0.0,0.0,0.0
0.0,1.0,1.0,9.0,2.0,3.0,2.0,5.0,2.0,0.0,2.0,4.0,7.0,0.0,11.0,1.0,0.0,0.0,3.0,3.0,1.0,2.0,0.0,0.0,0.0,14.0,2.0,6.0,2.0,7.0,1.0,16.0,40.0,17.0,47.0,54.0,153.0,99.0,1.0,0.0,1.0,1.0,3.0,2.0,0.0,0.0,1.0,0.0,0.0,0.0
0.0,1.0,2.0,10.0,7.0,6.0,0.0,9.0,0.0,1.0,0.0,6.0,7.0,2.0,11.0,3.0,0.0,1.0,3.0,2.0,1.0,0.0,0.0,1.0,0.0,16.0,2.0,7.0,4.0,9.0,3.0,20.0,15.0,21.0,42.0,57.0,153.0,102.0,1.0,0.0,1.0,2.0,3.0,0.0,0.0,0.0,2.0,0.0,0.0,0.0
0.0,0.0,4.0,14.0,10.0,7.0,0.0,11.0,0.0,1.0,0.0,6.0,3.0,6.0,1.0,6.0,1.0,2.0,5.0,3.0,1.0,0.0,0.0,0.0,0.0,5.0,4.0,0.0,4.0,9.0,4.0,22.0,21.0,21.0,44.0,58.0,145.0,105.0,2.0,1.0,0.0,2.0,3.0,0.0,0.0,0.0,2.0,0.0,0.0,0.0
0.0,0.0,10.0,1.0,13.0,1.0,2.0,3.0,3.0,2.0,0.0,6.0,6.0,7.0,1.0,7.0,0.0,3.0,1.0,4.0,0.0,0.0,0.0,0.0,0.0,6.0,7.0,0.0,6.0,1.0,7.0,6.0,21.0,22.0,46.0,58.0,147.0,108.0,2.0,1.0,0.0,2.0,2.0,0.0,0.0,0.0,2.0,0.0,0.0,0.0
0.0,0.0,12.0,4.0,17.0,3.0,3.0,8.0,5.0,1.0,1.0,0.0,8.0,7.0,4.0,7.0,0.0,3.0,1.0,6.0,0.0,0.0,0.0,0.0,0.0,7.0,8.0,1.0,9.0,2.0,10.0,7.0,24.0,21.0,46.0,56.0,153.0,108.0,4.0,1.0,0.0,2.0,3.0,0.0,0.0,0.0,1.0,0.0,0.0,0.0
0.0,0.0,1.0,11.0,2.0,3.0,3.0,9.0,6.0,1.0,1.0,1.0,9.0,1.0,5.0,2.0,0.0,2.0,2.0,6.0,0.0,0.0,1.0,0.0,0.0,11.0,5.0,3.0,1.0,3.0,1.0,13.0,26.0,23.0,47.0,57.0,156.0,113.0,6.0,0.0,0.0,0.0,4.0,0.0,0.0,1.0,1.0,0.0,0.0,0.0
0.0,1.0,2.0,16.0,4.0,7.0,1.0,12.0,2.0,1.0,0.0,5.0,10.0,3.0,7.0,2.0,0.0,4.0,2.0,0.0,0.0,0.0,1.0,1.0,0.0,12.0,6.0,3.0,2.0,5.0,4.0,17.0,24.0,25.0,44.0,58.0,159.0,116.0,7.0,0.0,0.0,0.0,4.0,0.0,0.0,0.0,1.0,0.0,0.0,0.0
0.0,1.0,3.0,18.0,4.0,9.0,1.0,14.0,2.0,2.0,0.0,5.0,2.0,5.0,3.0,3.0,1.0,5.0,4.0,0.0,1.0,0.0,1.0,0.0,0.0,2.0,10.0,1.0,3.0,5.0,5.0,19.0,26.0,26.0,47.0,60.0,155.0,116.0,2.0,0.0,0.0,0.0,4.0,0.0,0.0,0.0,1.0,0.0,0.0,0.0
0.0,1.0,3.0,3.0,6.0,0.0,1.0,2.0,2.0,3.0,0.0,6.0,3.0,7.0,3.0,3.0,0.0,6.0,1.0,1.0,0.0,0.0,1.0,0.0,0.0,3.0,11.0,1.0,4.0,2.0,7.0,2.0,27.0,27.0,48.0,62.0,159.0,121.0,6.0,0.0,0.0,2.0,0.0,0.0,0.0,0.0,1.0,0.0,0.0,0.0
0.0,1.0,5.0,5.0,7.0,1.0,2.0,4.0,2.0,1.0,0.0,1.0,4.0,7.0,3.0,4.0,0.0,6.0,1.0,1.0,0.0,0.0,0.0,0.0,0.0,4.0,12.0,3.0,4.0,5.0,12.0,5.0,29.0,27.0,50.0,56.0,162.0,116.0,6.0,0.0,0.0,2.0,0.0,0.0,0.0,1.0,0.0,0.0,0.0,0.0
0.0,1.0,1.0,11.0,0.0,4.0,2.0,8.0,2.0,3.0,0.0,1.0,8.0,2.0,4.0,0.0,0.0,0.0,1.0,1.0,1.0,0.0,0.0,1.0,0.0,7.0,3.0,5.0,1.0,7.0,2.0,7.0,31.0,27.0,51.0,57.0,166.0,118.0,8.0,0.0,0.0,0.0,1.0,0.0,0.0,1.0,0.0,0.0,0.0,0.0
0.0,1.0,5.0,16.0,3.0,5.0,1.0,10.0,1.0,3.0,0.0,1.0,13.0,4.0,5.0,2.0,0.0,0.0,2.0,2.0,1.0,0.0,0.0,1.0,0.0,7.0,5.0,6.0,1.0,9.0,6.0,8.0,30.0,27.0,45.0,58.0,168.0,121.0,10.0,1.0,0.0,1.0,2.0,0.0,0.0,0.0,0.0,0.0,0.0,0.0
0.0,0.0,5.0,19.0,5.0,7.0,3.0,11.0,2.0,3.0,0.0,3.0,1.0,5.0,1.0,2.0,1.0,1.0,2.0,3.0,2.0,0.0,1.0,1.0,0.0,4.0,5.0,2.0,2.0,10.0,10.0,9.0,32.0,31.0,46.0,59.0,163.0,124.0,0.0,1.0,1.0,1.0,6.0,0.0,0.0,0.0,0.0,0.0,0.0,0.0
0.0,0.0,8.0,2.0,6.0,3.0,4.0,1.0,2.0,3.0,0.0,5.0,4.0,6.0,2.0,2.0,0.0,1.0,0.0,3.0,0.0,0.0,1.0,1.0,0.0,7.0,5.0,4.0,4.0,1.0,10.0,2.0,34.0,33.0,47.0,62.0,168.0,128.0,2.0,1.0,1.0,1.0,1.0,0.0,1.0,0.0,0.0,0.0,0.0,0.0
0.0,0.0,8.0,4.0,9.0,6.0,6.0,4.0,3.0,0.0,1.0,2.0,5.0,11.0,3.0,2.0,0.0,2.0,2.0,3.0,0.0,0.0,0.0,1.0,0.0,10.0,5.0,5.0,5.0,3.0,12.0,3.0,36.0,35.0,52.0,57.0,168.0,122.0,2.0,1.0,1.0,1.0,3.0,0.0,1.0,0.0,0.0,0.0,0.0,0.0
1.0,1.0,2.0,9.0,1.0,7.0,6.0,4.0,5.0,0.0,2.0,4.0,6.0,4.0,3.0,0.0,0.0,2.0,2.0,3.0,1.0,0.0,0.0,1.0,0.0,10.0,1.0,5.0,1.0,3.0,2.0,4.0,40.0,35.0,53.0,57.0,172.0,125.0,5.0,1.0,1.0,0.0,4.0,0.0,1.0,0.0,0.0,0.0,0.0,0.0
1.0,1.0,2.0,12.0,3.0,8.0,0.0,6.0,0.0,1.0,0.0,4.0,8.0,5.0,3.0,0.0,1.0,3.0,4.0,1.0,1.0,0.0,0.0,1.0,0.0,12.0,3.0,6.0,2.0,4.0,4.0,8.0,30.0,37.0,49.0,59.0,173.0,128.0,7.0,1.0,1.0,0.0,4.0,1.0,1.0,0.0,0.0,0.0,0.0,0.0
1.0,0.0,4.0,12.0,6.0,10.0,0.0,6.0,0.0,2.0,0.0,6.0,5.0,9.0,2.0,1.0,1.0,3.0,4.0,1.0,1.0,0.0,0.0,0.0,0.0,2.0,4.0,2.0,3.0,5.0,7.0,9.0,32.0,37.0,49.0,60.0,173.0,129.0,1.0,1.0,0.0,0.0,4.0,1.0,1.0,1.0,0.0,1.0,0.0,0.0
1.0,0.0,8.0,4.0,9.0,0.0,0.0,2.0,2.0,3.0,0.0,6.0,5.0,10.0,2.0,1.0,0.0,4.0,1.0,1.0,1.0,0.0,0.0,0.0,0.0,6.0,6.0,3.0,7.0,4.0,7.0,4.0,33.0,38.0,53.0,62.0,177.0,131.0,3.0,1.0,0.0,0.0,1.0,1.0,0.0,2.0,1.0,1.0,0.0,0.0
0.0,0.0,11.0,7.0,11.0,0.0,0.0,2.0,2.0,0.0,0.0,1.0,7.0,12.0,3.0,1.0,0.0,8.0,2.0,1.0,1.0,0.0,0.0,0.0,0.0,7.0,11.0,4.0,7.0,4.0,8.0,7.0,35.0,38.0,54.0,58.0,185.0,126.0,4.0,1.0,1.0,0.0,2.0,2.0,0.0,2.0,0.0,1.0,0.0,0.0
0.0,0.0,3.0,9.0,3.0,1.0,1.0,2.0,3.0,1.0,0.0,2.0,7.0,3.0,4.0,1.0,0.0,0.0,2.0,1.0,2.0,2.0,1.0,0.0,0.0,11.0,0.0,5.0,2.0,6.0,3.0,9.0,40.0,39.0,54.0,61.0,190.0,128.0,4.0,0.0,1.0,1.0,3.0,2.0,0.0,2.0,0.0,1.0,0.0,0.0
0.0,0.0,7.0,9.0,4.0,5.0,1.0,5.0,0.0,1.0,0.0,4.0,10.0,4.0,5.0,1.0,0.0,1.0,4.0,0.0,2.0,0.0,1.0,0.0,0.0,14.0,2.0,7.0,5.0,7.0,4.0,12.0,16.0,40.0,51.0,61.0,193.0,130.0,6.0,0.0,2.0,2.0,4.0,0.0,0.0,0.0,0.0,0.0,0.0,0.0
0.0,0.0,9.0,10.0,6.0,6.0,1.0,6.0,1.0,2.0,0.0,6.0,4.0,8.0,1.0,1.0,0.0,1.0,4.0,0.0,2.0,0.0,1.0,0.0,0.0,1.0,3.0,1.0,6.0,7.0,5.0,15.0,16.0,41.0,52.0,63.0,186.0,132.0,1.0,0.0,0.0,3.0,5.0,0.0,0.0,0.0,0.0,0.0,0.0,0.0
0.0,0.0,12.0,1.0,7.0,1.0,4.0,2.0,2.0,3.0,0.0,8.0,5.0,8.0,2.0,1.0,0.0,2.0,1.0,0.0,0.0,0.0,1.0,0.0,0.0,4.0,5.0,3.0,6.0,2.0,7.0,0.0,20.0,41.0,52.0,66.0,192.0,134.0,1.0,0.0,0.0,3.0,1.0,1.0,0.0,2.0,1.0,0.0,0.0,0.0
0.0,0.0,13.0,4.0,7.0,1.0,4.0,3.0,2.0,0.0,0.0,2.0,7.0,10.0,2.0,2.0,2.0,2.0,3.0,0.0,0.0,0.0,0.0,0.0,0.0,8.0,5.0,5.0,8.0,3.0,8.0,1.0,24.0,42.0,55.0,65.0,193.0,131.0,3.0,0.0,0.0,3.0,1.0,1.0,1.0,2.0,0.0,0.0,0.0,0.0
0.0,0.0,0.0,6.0,0.0,3.0,4.0,4.0,2.0,1.0,0.0,2.0,8.0,4.0,3.0,1.0,2.0,0.0,3.0,0.0,0.0,0.0,0.0,0.0,0.0,11.0,3.0,6.0,0.0,6.0,1.0,1.0,26.0,43.0,56.0,66.0,194.0,133.0,5.0,0.0,0.0,0.0,1.0,1.0,1.0,2.0,0.0,0.0,0.0,0.0
0.0,0.0,1.0,10.0,1.0,5.0,1.0,7.0,1.0,2.0,0.0,3.0,9.0,5.0,4.0,1.0,2.0,2.0,3.0,0.0,0.0,0.0,0.0,0.0,0.0,16.0,4.0,8.0,0.0,6.0,3.0,3.0,8.0,43.0,53.0,68.0,197.0,134.0,5.0,0.0,0.0,0.0,2.0,0.0,1.0,0.0,0.0,0.0,0.0,0.0
0.0,0.0,4.0,12.0,3.0,5.0,1.0,10.0,2.0,2.0,0.0,6.0,5.0,6.0,1.0,4.0,2.0,2.0,3.0,0.0,0.0,0.0,0.0,0.0,0.0,1.0,5.0,1.0,1.0,8.0,4.0,4.0,12.0,45.0,53.0,70.0,188.0,137.0,1.0,0.0,1.0,1.0,4.0,0.0,1.0,0.0,1.0,0.0,0.0,0.0
0.0,0.0,6.0,0.0,4.0,2.0,2.0,3.0,2.0,2.0,1.0,6.0,6.0,6.0,2.0,4.0,0.0,3.0,1.0,0.0,0.0,0.0,0.0,0.0,0.0,5.0,5.0,2.0,4.0,0.0,6.0,2.0,15.0,46.0,54.0,72.0,191.0,139.0,3.0,0.0,1.0,1.0,1.0,0.0,0.0,0.0,1.0,0.0,0.0,0.0
0.0,0.0,10.0,1.0,6.0,3.0,2.0,4.0,3.0,0.0,1.0,1.0,9.0,6.0,2.0,4.0,1.0,4.0,2.0,2.0,0.0,0.0,0.0,0.0,0.0,10.0,7.0,2.0,4.0,4.0,8.0,8.0,18.0,46.0,54.0,68.0,195.0,133.0,4.0,0.0,1.0,1.0,2.0,0.0,1.0,0.0,0.0,0.0,0.0,0.0
0.0,0.0,2.0,1.0,0.0,4.0,2.0,6.0,7.0,1.0,1.0,2.0,10.0,3.0,3.0,2.0,1.0,1.0,3.0,2.0,0.0,0.0,0.0,0.0,0.0,12.0,2.0,3.0,2.0,4.0,1.0,11.0,23.0,46.0,55.0,69.0,202.0,136.0,4.0,0.0,1.0,1.0,3.0,1.0,1.0,0.0,0.0,0.0,0.0,0.0
0.0,0.0,7.0,3.0,2.0,4.0,0.0,8.0,2.0,1.0,0.0,2.0,13.0,5.0,5.0,2.0,2.0,2.0,4.0,0.0,1.0,0.0,0.0,0.0,0.0,13.0,3.0,4.0,3.0,4.0,3.0,15.0,3.0,47.0,55.0,73.0,204.0,140.0,4.0,0.0,1.0,1.0,3.0,1.0,1.0,0.0,0.0,0.0,0.0,0.0
0.0,0.0,9.0,10.0,6.0,5.0,0.0,8.0,2.0,1.0,0.0,2.0,1.0,9.0,0.0,2.0,2.0,2.0,6.0,0.0,1.0,0.0,0.0,0.0,0.0,2.0,4.0,3.0,4.0,5.0,3.0,18.0,9.0,47.0,58.0,73.0,201.0,141.0,0.0,0.0,0.0,1.0,4.0,2.0,2.0,0.0,0.0,0.0,0.0,0.0
0.0,0.0,12.0,1.0,8.0,3.0,2.0,1.0,3.0,1.0,0.0,4.0,5.0,9.0,3.0,2.0,0.0,2.0,0.0,2.0,0.0,0.0,0.0,0.0,0.0,5.0,6.0,3.0,5.0,1.0,6.0,1.0,11.0,48.0,62.0,75.0,202.0,143.0,1.0,0.0,0.0,1.0,1.0,2.0,0.0,0.0,0.0,0.0,0.0,0.0
0.0,0.0,14.0,3.0,10.0,3.0,4.0,3.0,3.0,2.0,0.0,1.0,9.0,12.0,3.0,3.0,0.0,3.0,0.0,2.0,0.0,0.0,0.0,0.0,0.0,9.0,8.0,4.0,6.0,1.0,11.0,3.0,12.0,37.0,63.0,68.0,205.0,138.0,2.0,1.0,2.0,2.0,2.0,2.0,0.0,0.0,0.0,0.0,0.0,0.0
0.0,0.0,4.0,8.0,0.0,5.0,4.0,6.0,3.0,2.0,0.0,3.0,10.0,3.0,3.0,2.0,0.0,2.0,1.0,3.0,0.0,0.0,0.0,0.0,0.0,10.0,2.0,4.0,2.0,4.0,1.0,6.0,17.0,37.0,65.0,70.0,206.0,140.0,2.0,0.0,3.0,0.0,4.0,2.0,0.0,0.0,1.0,1.0,0.0,0.0
0.0,0.0,9.0,10.0,3.0,5.0,0.0,12.0,1.0,2.0,0.0,3.0,13.0,8.0,3.0,2.0,0.0,3.0,1.0,1.0,0.0,0.0,0.0,0.0,0.0,13.0,3.0,5.0,3.0,4.0,2.0,7.0,2.0,38.0,64.0,72.0,207.0,141.0,2.0,0.0,4.0,0.0,4.0,0.0,0.0,0.0,2.0,0.0,0.0,0.0
0.0,0.0,10.0,11.0,4.0,7.0,1.0,13.0,1.0,2.0,0.0,4.0,4.0,10.0,1.0,3.0,0.0,3.0,2.0,1.0,0.0,0.0,0.0,0.0,0.0,2.0,3.0,0.0,4.0,5.0,2.0,9.0,4.0,38.0,64.0,73.0,201.0,141.0,1.0,0.0,0.0,2.0,4.0,0.0,0.0,0.0,2.0,0.0,0.0,0.0
0.0,0.0,11.0,2.0,5.0,1.0,1.0,0.0,2.0,3.0,0.0,5.0,6.0,12.0,1.0,4.0,1.0,4.0,0.0,1.0,0.0,0.0,0.0,0.0,0.0,5.0,4.0,2.0,5.0,1.0,2.0,0.0,6.0,38.0,66.0,74.0,202.0,142.0,1.0,0.0,0.0,3.0,2.0,0.0,0.0,0.0,2.0,0.0,0.0,0.0
0.0,0.0,13.0,2.0,6.0,2.0,1.0,1.0,2.0,2.0,0.0,2.0,7.0,12.0,1.0,4.0,2.0,7.0,2.0,1.0,0.0,0.0,0.0,0.0,0.0,7.0,6.0,3.0,6.0,3.0,5.0,1.0,6.0,36.0,67.0,74.0,206.0,143.0,3.0,0.0,0.0,4.0,2.0,1.0,0.0,0.0,1.0,0.0,0.0,0.0
0.0,0.0,6.0,2.0,2.0,4.0,1.0,5.0,2.0,4.0,0.0,3.0,8.0,0.0,1.0,1.0,2.0,1.0,4.0,1.0,0.0,0.0,0.0,0.0,0.0,8.0,0.0,4.0,0.0,4.0,0.0,2.0,6.0,36.0,67.0,76.0,208.0,143.0,5.0,0.0,0.0,0.0,3.0,1.0,0.0,0.0,1.0,0.0,0.0,0.0
0.0,0.0,9.0,4.0,4.0,4.0,1.0,8.0,2.0,4.0,0.0,5.0,9.0,2.0,1.0,1.0,3.0,4.0,5.0,1.0,0.0,0.0,0.0,0.0,0.0,13.0,1.0,4.0,3.0,5.0,2.0,4.0,1.0,39.0,63.0,77.0,211.0,145.0,7.0,0.0,0.0,0.0,4.0,0.0,0.0,0.0,1.0,0.0,0.0,0.0
0.0,0.0,12.0,5.0,8.0,4.0,1.0,8.0,4.0,4.0,0.0,6.0,5.0,3.0,1.0,2.0,3.0,5.0,7.0,2.0,0.0,0.0,0.0,0.0,0.0,1.0,1.0,0.0,3.0,6.0,3.0,4.0,2.0,40.0,67.0,79.0,210.0,145.0,1.0,0.0,0.0,0.0,5.0,0.0,1.0,1.0,1.0,0.0,0.0,0.0
0.0,0.0,12.0,1.0,9.0,1.0,3.0,2.0,5.0,4.0,0.0,6.0,7.0,6.0,3.0,3.0,0.0,6.0,2.0,2.0,0.0,0.0,0.0,0.0,0.0,1.0,2.0,3.0,4.0,0.0,5.0,1.0,2.0,41.0,69.0,79.0,212.0,145.0,3.0,0.0,0.0,1.0,2.0,1.0,0.0,1.0,1.0,0.0,0.0,0.0
0.0,0.0,15.0,3.0,12.0,2.0,3.0,3.0,5.0,0.0,0.0,0.0,8.0,7.0,3.0,4.0,1.0,6.0,2.0,2.0,0.0,0.0,0.0,0.0,0.0,3.0,3.0,3.0,6.0,1.0,7.0,3.0,7.0,19.0,70.0,72.0,214.0,139.0,3.0,0.0,1.0,1.0,2.0,1.0,1.0,1.0,0.0,0.0,0.0,0.0
1.0,0.0,1.0,3.0,1.0,2.0,3.0,6.0,5.0,0.0,1.0,1.0,8.0,2.0,3.0,2.0,1.0,1.0,3.0,3.0,0.0,0.0,0.0,0.0,0.0,3.0,3.0,3.0,0.0,3.0,1.0,3.0,10.0,20.0,75.0,72.0,216.0,142.0,4.0,0.0,2.0,0.0,3.0,1.0,1.0,1.0,0.0,0.0,0.0,0.0
1.0,0.0,3.0,5.0,3.0,2.0,1.0,6.0,0.0,0.0,0.0,2.0,8.0,3.0,4.0,2.0,2.0,1.0,3.0,0.0,0.0,0.0,0.0,0.0,0.0,7.0,3.0,3.0,1.0,3.0,2.0,6.0,5.0,20.0,72.0,72.0,219.0,144.0,4.0,0.0,2.0,0.0,4.0,0.0,1.0,0.0,0.0,0.0,0.0,0.0
1.0,0.0,5.0,8.0,3.0,2.0,1.0,7.0,1.0,0.0,0.0,3.0,1.0,4.0,1.0,3.0,2.0,2.0,3.0,0.0,1.0,0.0,0.0,0.0,0.0,3.0,6.0,4.0,1.0,4.0,3.0,7.0,6.0,20.0,73.0,74.0,213.0,146.0,0.0,0.0,0.0,0.0,4.0,0.0,2.0,0.0,0.0,0.0,0.0,0.0
1.0,0.0,7.0,2.0,5.0,1.0,1.0,3.0,1.0,0.0,0.0,3.0,1.0,7.0,2.0,3.0,0.0,4.0,0.0,0.0,0.0,0.0,0.0,0.0,0.0,8.0,8.0,5.0,1.0,0.0,6.0,1.0,7.0,20.0,73.0,75.0,213.0,148.0,0.0,0.0,1.0,0.0,0.0,0.0,1.0,0.0,0.0,0.0,0.0,0.0
0.0,0.0,8.0,2.0,7.0,2.0,1.0,4.0,3.0,1.0,0.0,1.0,3.0,9.0,2.0,3.0,1.0,4.0,1.0,1.0,1.0,0.0,0.0,0.0,0.0,11.0,8.0,6.0,2.0,0.0,6.0,3.0,10.0,1.0,75.0,73.0,216.0,144.0,0.0,0.0,1.0,0.0,0.0,0.0,1.0,0.0,0.0,0.0,0.0,0.0
0.0,0.0,0.0,4.0,1.0,2.0,2.0,6.0,4.0,1.0,0.0,1.0,3.0,0.0,3.0,0.0,1.0,1.0,1.0,1.0,1.0,0.0,0.0,0.0,0.0,11.0,1.0,9.0,0.0,0.0,2.0,5.0,11.0,2.0,77.0,75.0,218.0,146.0,1.0,1.0,1.0,0.0,1.0,0.0,1.0,0.0,0.0,0.0,0.0,0.0
0.0,0.0,1.0,8.0,2.0,2.0,0.0,8.0,1.0,1.0,0.0,3.0,4.0,3.0,3.0,0.0,1.0,1.0,2.0,0.0,3.0,0.0,0.0,1.0,0.0,17.0,1.0,10.0,0.0,4.0,4.0,6.0,3.0,2.0,68.0,76.0,218.0,146.0,1.0,1.0,3.0,1.0,2.0,0.0,1.0,1.0,0.0,0.0,0.0,0.0
0.0,0.0,6.0,8.0,6.0,2.0,1.0,11.0,1.0,2.0,0.0,3.0,4.0,5.0,0.0,0.0,1.0,1.0,2.0,0.0,3.0,0.0,0.0,0.0,0.0,5.0,1.0,0.0,0.0,5.0,6.0,7.0,6.0,3.0,69.0,77.0,215.0,149.0,0.0,1.0,0.0,2.0,3.0,0.0,1.0,2.0,0.0,0.0,0.0,0.0
0.0,0.0,9.0,1.0,6.0,1.0,1.0,3.0,1.0,4.0,0.0,3.0,4.0,5.0,0.0,0.0,0.0,1.0,0.0,1.0,0.0,0.0,0.0,0.0,0.0,8.0,1.0,2.0,3.0,4.0,7.0,1.0,9.0,5.0,70.0,79.0,218.0,150.0,0.0,2.0,0.0,3.0,1.0,0.0,0.0,2.0,0.0,0.0,0.0,0.0
0.0,0.0,10.0,2.0,7.0,1.0,2.0,5.0,2.0,0.0,0.0,3.0,4.0,5.0,0.0,2.0,0.0,1.0,0.0,1.0,0.0,0.0,0.0,0.0,0.0,11.0,1.0,4.0,3.0,6.0,9.0,1.0,10.0,0.0,71.0,75.0,221.0,148.0,1.0,2.0,0.0,3.0,1.0,0.0,0.0,2.0,0.0,0.0,0.0,0.0
0.0,0.0,0.0,3.0,2.0,2.0,3.0,6.0,3.0,0.0,0.0,3.0,6.0,0.0,0.0,0.0,0.0,0.0,0.0,1.0,0.0,0.0,0.0,0.0,0.0,13.0,1.0,4.0,0.0,7.0,3.0,1.0,11.0,1.0,73.0,76.0,225.0,150.0,1.0,0.0,0.0,0.0,2.0,0.0,0.0,2.0,0.0,0.0,0.0,0.0
0.0,0.0,0.0,5.0,2.0,2.0,2.0,7.0,0.0,0.0,0.0,3.0,8.0,3.0,0.0,1.0,0.0,0.0,1.0,1.0,0.0,0.0,0.0,0.0,0.0,16.0,2.0,5.0,0.0,7.0,3.0,1.0,1.0,2.0,52.0,76.0,227.0,150.0,1.0,0.0,0.0,0.0,2.0,0.0,0.0,0.0,0.0,0.0,0.0,0.0
0.0,1.0,2.0,8.0,4.0,2.0,3.0,8.0,0.0,1.0,1.0,4.0,0.0,4.0,0.0,1.0,0.0,0.0,2.0,2.0,3.0,0.0,0.0,0.0,0.0,1.0,3.0,1.0,2.0,7.0,3.0,1.0,1.0,3.0,52.0,76.0,225.0,151.0,0.0,1.0,0.0,0.0,2.0,0.0,0.0,0.0,0.0,0.0,0.0,0.0
0.0,1.0,3.0,0.0,4.0,0.0,3.0,1.0,1.0,2.0,1.0,4.0,0.0,6.0,0.0,2.0,0.0,1.0,1.0,2.0,1.0,1.0,0.0,0.0,0.0,1.0,4.0,1.0,4.0,0.0,5.0,0.0,5.0,4.0,53.0,79.0,229.0,153.0,1.0,1.0,0.0,0.0,1.0,0.0,0.0,0.0,0.0,0.0,0.0,0.0
0.0,1.0,8.0,1.0,4.0,1.0,3.0,1.0,2.0,0.0,1.0,0.0,0.0,7.0,0.0,3.0,1.0,1.0,1.0,2.0,1.0,2.0,0.0,0.0,0.0,2.0,4.0,1.0,5.0,3.0,7.0,0.0,7.0,0.0,53.0,76.0,231.0,139.0,1.0,1.0,0.0,0.0,2.0,0.0,0.0,0.0,0.0,0.0,0.0,0.0
0.0,2.0,1.0,5.0,1.0,1.0,3.0,2.0,2.0,0.0,1.0,0.0,1.0,4.0,2.0,0.0,1.0,0.0,3.0,2.0,1.0,2.0,0.0,0.0,0.0,3.0,1.0,1.0,0.0,4.0,0.0,2.0,8.0,1.0,56.0,77.0,235.0,141.0,1.0,0.0,0.0,0.0,2.0,0.0,0.0,0.0,0.0,0.0,0.0,0.0
0.0,2.0,4.0,6.0,3.0,2.0,0.0,4.0,0.0,0.0,1.0,1.0,2.0,6.0,2.0,1.0,1.0,2.0,4.0,0.0,2.0,0.0,0.0,0.0,0.0,6.0,1.0,1.0,1.0,4.0,1.0,3.0,2.0,3.0,31.0,80.0,239.0,142.0,1.0,0.0,0.0,0.0,2.0,0.0,0.0,0.0,0.0,0.0,0.0,0.0
0.0,0.0,7.0,6.0,3.0,3.0,0.0,5.0,0.0,0.0,1.0,1.0,1.0,8.0,0.0,2.0,1.0,3.0,4.0,1.0,2.0,0.0,1.0,0.0,0.0,0.0,1.0,0.0,1.0,6.0,3.0,4.0,2.0,4.0,31.0,80.0,229.0,143.0,0.0,0.0,0.0,0.0,2.0,0.0,0.0,0.0,0.0,0.0,0.0,0.0
0.0,0.0,7.0,1.0,3.0,0.0,0.0,1.0,0.0,1.0,1.0,2.0,4.0,8.0,0.0,3.0,0.0,4.0,0.0,1.0,0.0,0.0,1.0,0.0,0.0,2.0,2.0,0.0,1.0,0.0,4.0,1.0,2.0,4.0,31.0,81.0,230.0,147.0,0.0,0.0,0.0,0.0,0.0,1.0,0.0,0.0,0.0,0.0,0.0,0.0
0.0,0.0,8.0,4.0,5.0,0.0,2.0,2.0,1.0,0.0,1.0,1.0,5.0,8.0,3.0,3.0,0.0,5.0,0.0,1.0,0.0,0.0,1.0,0.0,0.0,2.0,3.0,2.0,1.0,0.0,4.0,2.0,3.0,0.0,32.0,77.0,232.0,146.0,1.0,0.0,0.0,0.0,0.0,1.0,0.0,0.0,0.0,0.0,0.0,0.0
0.0,0.0,0.0,6.0,1.0,1.0,2.0,2.0,1.0,0.0,1.0,1.0,5.0,1.0,3.0,0.0,0.0,0.0,0.0,1.0,0.0,0.0,2.0,0.0,0.0,4.0,0.0,3.0,1.0,1.0,1.0,6.0,6.0,0.0,33.0,77.0,233.0,146.0,1.0,0.0,0.0,0.0,0.0,1.0,0.0,1.0,0.0,0.0,0.0,0.0
0.0,0.0,3.0,6.0,2.0,1.0,0.0,2.0,0.0,1.0,0.0,2.0,5.0,3.0,3.0,0.0,0.0,0.0,1.0,1.0,0.0,0.0,2.0,0.0,0.0,5.0,0.0,3.0,1.0,1.0,1.0,6.0,2.0,0.0,1.0,78.0,234.0,146.0,1.0,0.0,0.0,0.0,0.0,0.0,0.0,0.0,0.0,0.0,0.0,0.0
0.0,0.0,5.0,9.0,3.0,1.0,0.0,2.0,0.0,1.0,0.0,2.0,1.0,6.0,0.0,1.0,0.0,0.0,1.0,1.0,0.0,1.0,3.0,0.0,0.0,0.0,0.0,1.0,1.0,3.0,1.0,8.0,3.0,0.0,1.0,78.0,222.0,146.0,1.0,0.0,0.0,1.0,0.0,0.0,0.0,0.0,0.0,0.0,0.0,0.0
0.0,0.0,5.0,2.0,3.0,2.0,2.0,1.0,1.0,2.0,0.0,3.0,2.0,6.0,1.0,1.0,1.0,0.0,0.0,1.0,0.0,1.0,3.0,0.0,0.0,3.0,1.0,1.0,1.0,1.0,1.0,0.0,4.0,0.0,2.0,81.0,226.0,146.0,1.0,0.0,0.0,1.0,1.0,1.0,0.0,0.0,1.0,0.0,0.0,0.0
0.0,0.0,7.0,2.0,3.0,2.0,2.0,2.0,1.0,0.0,0.0,0.0,2.0,7.0,2.0,2.0,1.0,1.0,0.0,2.0,0.0,1.0,0.0,0.0,0.0,3.0,1.0,2.0,1.0,1.0,2.0,1.0,6.0,0.0,3.0,75.0,227.0,142.0,2.0,0.0,0.0,1.0,1.0,2.0,0.0,0.0,0.0,0.0,0.0,0.0
0.0,0.0,1.0,4.0,2.0,3.0,2.0,4.0,1.0,1.0,0.0,1.0,4.0,2.0,3.0,1.0,1.0,1.0,0.0,2.0,0.0,2.0,0.0,0.0,0.0,4.0,1.0,2.0,2.0,1.0,1.0,2.0,9.0,1.0,3.0,78.0,232.0,144.0,3.0,0.0,0.0,0.0,2.0,2.0,0.0,1.0,0.0,0.0,0.0,0.0
0.0,0.0,1.0,4.0,4.0,4.0,0.0,5.0,0.0,1.0,0.0,2.0,5.0,2.0,3.0,1.0,1.0,2.0,0.0,0.0,0.0,0.0,0.0,0.0,0.0,5.0,1.0,2.0,4.0,1.0,1.0,5.0,2.0,4.0,0.0,79.0,233.0,146.0,3.0,1.0,1.0,1.0,2.0,0.0,0.0,0.0,1.0,0.0,0.0,0.0
0.0,0.0,1.0,7.0,6.0,5.0,1.0,6.0,1.0,1.0,0.0,3.0,1.0,2.0,0.0,2.0,1.0,3.0,0.0,0.0,0.0,0.0,0.0,0.0,0.0,2.0,1.0,0.0,4.0,2.0,3.0,6.0,3.0,6.0,0.0,80.0,227.0,146.0,0.0,1.0,0.0,1.0,3.0,0.0,0.0,0.0,1.0,0.0,0.0,0.0
0.0,0.0,2.0,0.0,7.0,0.0,1.0,0.0,2.0,1.0,0.0,4.0,5.0,6.0,1.0,2.0,0.0,4.0,0.0,0.0,0.0,0.0,0.0,0.0,0.0,4.0,1.0,1.0,4.0,1.0,3.0,0.0,4.0,8.0,0.0,80.0,230.0,147.0,1.0,1.0,0.0,1.0,1.0,0.0,1.0,0.0,1.0,0.0,0.0,0.0
0.0,0.0,3.0,3.0,9.0,0.0,3.0,2.0,2.0,1.0,0.0,1.0,8.0,8.0,1.0,2.0,0.0,4.0,0.0,0.0,0.0,0.0,1.0,0.0,0.0,5.0,2.0,1.0,4.0,2.0,4.0,1.0,6.0,1.0,3.0,48.0,231.0,138.0,1.0,1.0,0.0,1.0,1.0,0.0,1.0,0.0,0.0,0.0,0.0,0.0
0.0,0.0,2.0,4.0,1.0,1.0,4.0,3.0,3.0,1.0,0.0,3.0,11.0,2.0,2.0,1.0,0.0,0.0,1.0,0.0,0.0,0.0,1.0,0.0,0.0,6.0,0.0,2.0,0.0,2.0,1.0,1.0,6.0,2.0,3.0,48.0,231.0,138.0,1.0,0.0,0.0,0.0,1.0,0.0,1.0,0.0,0.0,0.0,0.0,0.0
0.0,0.0,5.0,6.0,1.0,3.0,0.0,3.0,0.0,1.0,0.0,4.0,13.0,3.0,3.0,3.0,0.0,1.0,1.0,0.0,0.0,0.0,1.0,0.0,0.0,7.0,1.0,4.0,0.0,3.0,1.0,1.0,0.0,4.0,1.0,51.0,232.0,140.0,2.0,0.0,0.0,0.0,1.0,0.0,1.0,0.0,0.0,0.0,0.0,0.0
0.0,0.0,5.0,9.0,2.0,3.0,0.0,3.0,0.0,1.0,0.0,4.0,2.0,3.0,1.0,6.0,0.0,1.0,2.0,0.0,1.0,0.0,1.0,0.0,0.0,1.0,3.0,0.0,1.0,3.0,1.0,2.0,0.0,5.0,3.0,52.0,231.0,142.0,1.0,0.0,0.0,0.0,1.0,0.0,1.0,0.0,0.0,0.0,0.0,0.0
0.0,0.0,5.0,0.0,2.0,0.0,0.0,2.0,0.0,1.0,0.0,4.0,2.0,3.0,1.0,6.0,0.0,1.0,0.0,0.0,0.0,0.0,1.0,0.0,0.0,2.0,5.0,0.0,3.0,0.0,1.0,1.0,0.0,5.0,4.0,53.0,233.0,142.0,1.0,0.0,0.0,0.0,0.0,0.0,0.0,0.0,0.0,0.0,0.0,0.0
0.0,0.0,8.0,1.0,3.0,0.0,0.0,2.0,1.0,0.0,0.0,1.0,3.0,5.0,2.0,6.0,0.0,2.0,0.0,0.0,0.0,0.0,0.0,0.0,0.0,3.0,5.0,0.0,5.0,1.0,1.0,2.0,2.0,0.0,4.0,32.0,233.0,135.0,2.0,0.0,0.0,1.0,1.0,0.0,0.0,0.0,0.0,0.0,0.0,0.0
0.0,0.0,1.0,3.0,2.0,1.0,0.0,2.0,1.0,0.0,1.0,1.0,4.0,1.0,2.0,1.0,0.0,0.0,0.0,0.0,3.0,0.0,0.0,0.0,0.0,3.0,2.0,0.0,0.0,1.0,0.0,4.0,2.0,0.0,4.0,32.0,234.0,135.0,3.0,0.0,0.0,0.0,1.0,0.0,0.0,0.0,0.0,0.0,0.0,0.0
0.0,0.0,1.0,5.0,4.0,2.0,0.0,3.0,1.0,0.0,0.0,3.0,4.0,1.0,2.0,1.0,0.0,0.0,0.0,0.0,3.0,0.0,1.0,0.0,0.0,5.0,4.0,0.0,1.0,2.0,0.0,6.0,1.0,1.0,1.0,33.0,237.0,137.0,3.0,0.0,0.0,0.0,1.0,2.0,0.0,0.0,0.0,0.0,0.0,0.0
0.0,0.0,3.0,6.0,4.0,2.0,0.0,4.0,1.0,1.0,0.0,4.0,0.0,1.0,1.0,1.0,0.0,0.0,0.0,0.0,3.0,0.0,1.0,0.0,0.0,0.0,4.0,0.0,1.0,2.0,0.0,6.0,2.0,1.0,2.0,35.0,227.0,138.0,0.0,0.0,0.0,0.0,1.0,2.0,0.0,0.0,0.0,0.0,0.0,0.0
0.0,1.0,4.0,3.0,4.0,0.0,0.0,0.0,1.0,2.0,0.0,4.0,0.0,1.0,1.0,1.0,0.0,1.0,0.0,0.0,0.0,0.0,1.0,0.0,0.0,2.0,4.0,0.0,1.0,1.0,1.0,0.0,6.0,1.0,3.0,36.0,227.0,138.0,0.0,0.0,0.0,1.0,0.0,2.0,0.0,0.0,0.0,1.0,0.0,0.0
0.0,1.0,4.0,3.0,4.0,1.0,0.0,2.0,2.0,0.0,0.0,0.0,1.0,1.0,1.0,1.0,0.0,1.0,0.0,0.0,0.0,0.0,0.0,0.0,0.0,3.0,4.0,1.0,3.0,2.0,1.0,3.0,10.0,0.0,4.0,0.0,227.0,134.0,0.0,0.0,0.0,2.0,1.0,2.0,0.0,0.0,0.0,1.0,0.0,0.0
0.0,1.0,0.0,5.0,1.0,2.0,0.0,3.0,2.0,1.0,0.0,1.0,2.0,0.0,3.0,0.0,1.0,0.0,0.0,0.0,0.0,0.0,0.0,0.0,0.0,4.0,0.0,1.0,3.0,2.0,0.0,5.0,11.0,0.0,6.0,0.0,229.0,135.0,0.0,0.0,0.0,0.0,1.0,2.0,0.0,0.0,0.0,1.0,0.0,0.0
0.0,1.0,1.0,6.0,2.0,2.0,0.0,5.0,0.0,1.0,0.0,3.0,3.0,1.0,3.0,1.0,2.0,2.0,0.0,0.0,0.0,0.0,0.0,0.0,0.0,6.0,0.0,1.0,4.0,2.0,1.0,5.0,2.0,0.0,0.0,1.0,229.0,141.0,0.0,0.0,0.0,1.0,2.0,1.0,0.0,1.0,0.0,0.0,0.0,0.0
0.0,0.0,2.0,7.0,3.0,2.0,0.0,7.0,0.0,1.0,0.0,4.0,1.0,2.0,0.0,1.0,2.0,2.0,0.0,0.0,1.0,0.0,0.0,0.0,0.0,1.0,1.0,1.0,4.0,3.0,2.0,6.0,2.0,1.0,0.0,4.0,222.0,141.0,1.0,0.0,0.0,1.0,2.0,1.0,0.0,1.0,0.0,0.0,0.0,0.0
0.0,0.0,4.0,0.0,4.0,0.0,0.0,1.0,0.0,1.0,0.0,4.0,3.0,3.0,1.0,1.0,0.0,2.0,1.0,0.0,0.0,0.0,0.0,0.0,0.0,1.0,1.0,1.0,4.0,0.0,3.0,2.0,4.0,1.0,0.0,6.0,223.0,141.0,1.0,0.0,0.0,1.0,0.0,1.0,0.0,1.0,0.0,0.0,0.0,0.0
0.0,0.0,4.0,2.0,4.0,0.0,0.0,3.0,0.0,0.0,0.0,2.0,4.0,6.0,1.0,1.0,1.0,4.0,1.0,0.0,1.0,0.0,0.0,0.0,0.0,3.0,1.0,1.0,4.0,1.0,3.0,2.0,4.0,0.0,1.0,1.0,225.0,134.0,1.0,0.0,0.0,1.0,0.0,1.0,0.0,1.0,0.0,0.0,0.0,0.0
0.0,0.0,2.0,2.0,0.0,0.0,1.0,3.0,0.0,0.0,0.0,2.0,4.0,0.0,1.0,0.0,1.0,0.0,1.0,0.0,1.0,0.0,0.0,0.0,0.0,3.0,0.0,2.0,0.0,3.0,2.0,3.0,6.0,0.0,3.0,1.0,226.0,134.0,1.0,0.0,1.0,1.0,1.0,1.0,0.0,1.0,0.0,0.0,0.0,0.0
0.0,0.0,3.0,4.0,1.0,1.0,0.0,3.0,0.0,1.0,0.0,2.0,4.0,1.0,3.0,1.0,2.0,0.0,1.0,0.0,1.0,0.0,0.0,0.0,0.0,3.0,2.0,2.0,2.0,3.0,2.0,4.0,1.0,0.0,2.0,1.0,227.0,135.0,1.0,0.0,1.0,1.0,1.0,0.0,0.0,0.0,0.0,0.0,0.0,0.0
0.0,0.0,4.0,4.0,2.0,1.0,0.0,4.0,0.0,2.0,0.0,4.0,1.0,2.0,0.0,1.0,2.0,0.0,1.0,0.0,1.0,0.0,0.0,0.0,0.0,1.0,2.0,0.0,2.0,3.0,3.0,4.0,3.0,0.0,2.0,2.0,182.0,137.0,0.0,0.0,0.0,1.0,1.0,0.0,0.0,0.0,0.0,0.0,0.0,0.0
0.0,0.0,5.0,3.0,2.0,0.0,0.0,0.0,0.0,2.0,1.0,4.0,3.0,3.0,0.0,1.0,0.0,0.0,1.0,1.0,0.0,0.0,0.0,0.0,0.0,2.0,4.0,1.0,2.0,0.0,3.0,0.0,5.0,0.0,2.0,2.0,183.0,138.0,0.0,0.0,1.0,1.0,0.0,0.0,0.0,0.0,0.0,0.0,0.0,0.0
0.0,0.0,7.0,3.0,2.0,0.0,1.0,1.0,0.0,0.0,1.0,2.0,3.0,3.0,0.0,1.0,0.0,0.0,1.0,1.0,1.0,0.0,0.0,0.0,0.0,3.0,5.0,1.0,2.0,0.0,3.0,1.0,5.0,0.0,2.0,0.0,184.0,135.0,0.0,0.0,1.0,1.0,0.0,0.0,0.0,0.0,0.0,0.0,0.0,0.0
0.0,0.0,1.0,4.0,1.0,0.0,1.0,1.0,0.0,0.0,1.0,2.0,4.0,1.0,0.0,1.0,0.0,0.0,3.0,1.0,1.0,0.0,0.0,0.0,0.0,4.0,0.0,1.0,0.0,1.0,0.0,1.0,6.0,0.0,3.0,1.0,184.0,136.0,0.0,0.0,2.0,0.0,0.0,0.0,0.0,0.0,0.0,0.0,0.0,0.0
0.0,0.0,3.0,4.0,1.0,0.0,1.0,2.0,0.0,0.0,0.0,2.0,6.0,3.0,0.0,1.0,0.0,1.0,3.0,0.0,2.0,0.0,0.0,0.0,0.0,5.0,0.0,1.0,0.0,3.0,0.0,1.0,0.0,0.0,0.0,2.0,184.0,137.0,0.0,0.0,2.0,0.0,0.0,0.0,0.0,0.0,0.0,0.0,0.0,0.0
0.0,0.0,3.0,4.0,1.0,0.0,1.0,2.0,0.0,0.0,0.0,2.0,0.0,3.0,0.0,1.0,1.0,1.0,5.0,2.0,2.0,0.0,0.0,1.0,0.0,1.0,0.0,0.0,1.0,5.0,2.0,2.0,1.0,0.0,0.0,2.0,133.0,141.0,0.0,0.0,0.0,0.0,0.0,0.0,0.0,0.0,0.0,0.0,0.0,0.0
0.0,0.0,3.0,0.0,2.0,0.0,1.0,2.0,0.0,3.0,0.0,2.0,1.0,5.0,0.0,1.0,0.0,1.0,0.0,2.0,0.0,0.0,0.0,1.0,0.0,2.0,0.0,0.0,1.0,0.0,2.0,0.0,3.0,0.0,1.0,2.0,136.0,141.0,0.0,1.0,0.0,0.0,0.0,0.0,0.0,0.0,0.0,0.0,0.0,0.0
0.0,0.0,4.0,0.0,3.0,1.0,1.0,2.0,0.0,1.0,1.0,1.0,1.0,5.0,0.0,2.0,0.0,1.0,0.0,2.0,0.0,1.0,0.0,1.0,0.0,3.0,1.0,0.0,1.0,0.0,3.0,0.0,3.0,0.0,1.0,1.0,137.0,139.0,0.0,1.0,0.0,1.0,0.0,0.0,0.0,0.0,0.0,0.0,0.0,0.0
0.0,0.0,0.0,1.0,1.0,1.0,1.0,3.0,0.0,1.0,1.0,2.0,1.0,2.0,1.0,0.0,1.0,0.0,0.0,2.0,0.0,1.0,0.0,1.0,0.0,5.0,3.0,0.0,0.0,0.0,1.0,0.0,5.0,0.0,2.0,2.0,137.0,141.0,0.0,0.0,0.0,0.0,0.0,0.0,0.0,0.0,0.0,0.0,0.0,0.0
0.0,0.0,0.0,3.0,2.0,2.0,0.0,3.0,1.0,1.0,0.0,3.0,1.0,2.0,1.0,0.0,1.0,0.0,0.0,0.0,0.0,0.0,0.0,1.0,0.0,6.0,3.0,0.0,2.0,0.0,1.0,1.0,0.0,0.0,1.0,2.0,138.0,141.0,0.0,0.0,0.0,0.0,1.0,0.0,0.0,0.0,0.0,0.0,0.0,0.0
0.0,0.0,0.0,3.0,2.0,2.0,0.0,3.0,1.0,1.0,0.0,4.0,0.0,3.0,0.0,0.0,1.0,0.0,0.0,0.0,0.0,0.0,0.0,0.0,0.0,3.0,3.0,0.0,2.0,0.0,4.0,1.0,1.0,0.0,1.0,2.0,86.0,141.0,0.0,0.0,0.0,0.0,1.0,0.0,0.0,0.0,0.0,0.0,0.0,0.0
0.0,0.0,2.0,0.0,2.0,0.0,1.0,0.0,1.0,1.0,0.0,4.0,0.0,3.0,0.0,0.0,0.0,0.0,0.0,2.0,0.0,0.0,0.0,0.0,0.0,3.0,3.0,1.0,2.0,0.0,4.0,0.0,1.0,0.0,1.0,2.0,87.0,141.0,0.0,0.0,0.0,0.0,0.0,0.0,0.0,0.0,0.0,0.0,0.0,0.0
0.0,0.0,3.0,2.0,3.0,1.0,1.0,0.0,1.0,0.0,0.0,0.0,1.0,3.0,0.0,0.0,0.0,0.0,0.0,2.0,0.0,0.0,0.0,0.0,0.0,5.0,3.0,2.0,2.0,2.0,4.0,0.0,1.0,0.0,2.0,0.0,88.0,135.0,0.0,0.0,0.0,0.0,0.0,0.0,0.0,0.0,0.0,0.0,0.0,0.0
0.0,0.0,0.0,2.0,1.0,1.0,1.0,1.0,1.0,0.0,0.0,2.0,1.0,1.0,0.0,0.0,0.0,0.0,1.0,2.0,0.0,0.0,0.0,0.0,0.0,5.0,0.0,4.0,0.0,3.0,1.0,0.0,1.0,0.0,3.0,0.0,91.0,136.0,0.0,1.0,0.0,1.0,0.0,0.0,0.0,0.0,0.0,0.0,0.0,0.0
0.0,0.0,0.0,2.0,2.0,2.0,0.0,1.0,0.0,0.0,0.0,3.0,2.0,1.0,0.0,1.0,0.0,0.0,1.0,0.0,0.0,0.0,0.0,0.0,0.0,5.0,0.0,4.0,0.0,4.0,3.0,1.0,0.0,1.0,0.0,0.0,92.0,136.0,0.0,1.0,1.0,2.0,1.0,0.0,0.0,0.0,0.0,0.0,0.0,0.0
0.0,0.0,2.0,2.0,2.0,2.0,0.0,2.0,0.0,0.0,1.0,3.0,0.0,1.0,0.0,1.0,0.0,0.0,1.0,0.0,0.0,0.0,0.0,0.0,0.0,2.0,2.0,0.0,1.0,4.0,3.0,2.0,1.0,1.0,0.0,2.0,42.0,136.0,0.0,2.0,0.0,2.0,2.0,0.0,0.0,1.0,0.0,0.0,0.0,0.0
0.0,0.0,2.0,0.0,2.0,0.0,0.0,0.0,0.0,1.0,1.0,3.0,0.0,1.0,0.0,1.0,0.0,1.0,0.0,0.0,0.0,0.0,0.0,0.0,0.0,2.0,3.0,0.0,1.0,0.0,3.0,0.0,1.0,1.0,0.0,4.0,42.0,137.0,0.0,2.0,0.0,2.0,0.0,0.0,1.0,1.0,0.0,0.0,0.0,0.0
0.0,0.0,2.0,0.0,3.0,0.0,0.0,0.0,1.0,0.0,1.0,1.0,0.0,1.0,0.0,1.0,0.0,1.0,1.0,0.0,1.0,0.0,0.0,0.0,0.0,3.0,3.0,0.0,1.0,0.0,3.0,0.0,1.0,1.0,0.0,1.0,42.0,128.0,2.0,2.0,0.0,2.0,0.0,0.0,1.0,1.0,0.0,0.0,0.0,0.0
0.0,0.0,0.0,0.0,0.0,0.0,0.0,2.0,1.0,0.0,2.0,1.0,0.0,1.0,1.0,0.0,0.0,1.0,1.0,0.0,1.0,0.0,0.0,0.0,0.0,3.0,1.0,1.0,0.0,1.0,1.0,2.0,1.0,1.0,0.0,1.0,42.0,128.0,2.0,0.0,0.0,0.0,1.0,0.0,1.0,1.0,0.0,0.0,0.0,0.0
0.0,0.0,1.0,1.0,0.0,0.0,0.0,3.0,0.0,1.0,0.0,1.0,0.0,2.0,1.0,0.0,0.0,1.0,1.0,0.0,2.0,0.0,0.0,0.0,0.0,3.0,1.0,1.0,0.0,1.0,2.0,3.0,2.0,1.0,1.0,1.0,42.0,128.0,3.0,0.0,0.0,0.0,1.0,0.0,1.0,0.0,0.0,0.0,0.0,0.0
0.0,0.0,2.0,2.0,1.0,0.0,0.0,4.0,1.0,1.0,0.0,1.0,1.0,2.0,0.0,1.0,0.0,2.0,1.0,0.0,2.0,0.0,0.0,0.0,0.0,1.0,1.0,2.0,0.0,1.0,2.0,3.0,3.0,1.0,1.0,3.0,0.0,129.0,1.0,0.0,0.0,0.0,1.0,0.0,1.0,0.0,0.0,0.0,0.0,0.0
0.0,0.0,2.0,1.0,1.0,1.0,0.0,0.0,1.0,1.0,0.0,1.0,2.0,3.0,0.0,1.0,0.0,2.0,0.0,0.0,0.0,0.0,0.0,0.0,0.0,1.0,2.0,4.0,1.0,0.0,2.0,0.0,4.0,1.0,1.0,3.0,1.0,130.0,1.0,0.0,0.0,0.0,0.0,0.0,0.0,0.0,0.0,0.0,0.0,0.0
0.0,0.0,3.0,2.0,1.0,1.0,0.0,0.0,1.0,0.0,0.0,0.0,3.0,4.0,0.0,1.0,0.0,2.0,0.0,0.0,0.0,0.0,0.0,0.0,0.0,1.0,2.0,4.0,1.0,0.0,2.0,0.0,4.0,0.0,1.0,0.0,1.0,117.0,1.0,0.0,0.0,0.0,0.0,0.0,0.0,0.0,0.0,0.0,0.0,0.0
0.0,0.0,1.0,2.0,0.0,1.0,0.0,2.0,1.0,0.0,0.0,1.0,3.0,0.0,0.0,0.0,0.0,0.0,0.0,0.0,0.0,0.0,0.0,0.0,0.0,1.0,0.0,4.0,1.0,0.0,0.0,0.0,5.0,1.0,2.0,1.0,1.0,117.0,1.0,0.0,0.0,0.0,1.0,0.0,0.0,0.0,0.0,0.0,0.0,0.0
0.0,0.0,2.0,2.0,0.0,1.0,0.0,2.0,0.0,0.0,0.0,1.0,3.0,0.0,0.0,0.0,0.0,0.0,1.0,0.0,0.0,0.0,0.0,0.0,0.0,2.0,0.0,5.0,2.0,0.0,0.0,0.0,0.0,1.0,0.0,1.0,2.0,117.0,1.0,0.0,0.0,0.0,1.0,0.0,0.0,0.0,0.0,0.0,0.0,0.0
0.0,0.0,2.0,2.0,0.0,1.0,0.0,2.0,0.0,0.0,0.0,1.0,1.0,0.0,0.0,0.0,0.0,1.0,2.0,0.0,0.0,0.0,0.0,0.0,0.0,1.0,0.0,1.0,2.0,0.0,1.0,0.0,1.0,1.0,0.0,1.0,2.0,117.0,0.0,0.0,0.0,0.0,1.0,0.0,0.0,0.0,0.0,0.0,0.0,0.0
0.0,0.0,3.0,0.0,0.0,0.0,0.0,1.0,0.0,0.0,0.0,3.0,1.0,0.0,0.0,0.0,0.0,1.0,0.0,1.0,1.0,0.0,0.0,0.0,0.0,1.0,0.0,1.0,2.0,0.0,1.0,0.0,1.0,1.0,0.0,2.0,2.0,117.0,0.0,0.0,1.0,0.0,0.0,0.0,1.0,0.0,0.0,0.0,0.0,0.0
0.0,0.0,3.0,0.0,0.0,0.0,1.0,1.0,0.0,0.0,0.0,0.0,1.0,0.0,0.0,0.0,0.0,2.0,1.0,1.0,1.0,0.0,0.0,0.0,0.0,3.0,0.0,1.0,3.0,0.0,2.0,0.0,2.0,0.0,0.0,1.0,2.0,56.0,0.0,0.0,1.0,0.0,0.0,0.0,1.0,0.0,0.0,0.0,0.0,0.0
0.0,0.0,0.0,0.0,0.0,0.0,1.0,1.0,0.0,0.0,0.0,0.0,1.0,0.0,0.0,0.0,1.0,0.0,1.0,1.0,1.0,0.0,0.0,0.0,0.0,3.0,0.0,1.0,0.0,0.0,0.0,0.0,2.0,0.0,0.0,1.0,3.0,56.0,0.0,0.0,1.0,0.0,0.0,0.0,1.0,0.0,0.0,0.0,0.0,0.0
0.0,0.0,2.0,0.0,0.0,0.0,0.0,1.0,0.0,1.0,0.0,0.0,1.0,0.0,0.0,0.0,1.0,0.0,1.0,0.0,1.0,0.0,0.0,0.0,0.0,3.0,0.0,1.0,0.0,1.0,1.0,0.0,0.0,1.0,0.0,1.0,4.0,56.0,0.0,0.0,1.0,0.0,0.0,0.0,1.0,0.0,0.0,0.0,0.0,0.0
0.0,0.0,2.0,0.0,0.0,0.0,0.0,1.0,0.0,2.0,0.0,0.0,1.0,0.0,0.0,0.0,1.0,0.0,1.0,0.0,1.0,0.0,0.0,0.0,0.0,0.0,0.0,1.0,0.0,1.0,1.0,0.0,0.0,1.0,0.0,1.0,0.0,56.0,1.0,0.0,0.0,0.0,1.0,0.0,1.0,0.0,0.0,0.0,0.0,0.0
0.0,0.0,2.0,0.0,0.0,1.0,0.0,1.0,0.0,2.0,0.0,1.0,2.0,0.0,0.0,0.0,0.0,0.0,0.0,0.0,0.0,0.0,0.0,0.0,0.0,0.0,1.0,1.0,1.0,0.0,2.0,0.0,1.0,1.0,0.0,1.0,0.0,56.0,1.0,0.0,0.0,0.0,0.0,0.0,0.0,0.0,0.0,0.0,0.0,0.0
0.0,0.0,3.0,1.0,0.0,1.0,0.0,2.0,0.0,1.0,0.0,0.0,2.0,0.0,0.0,0.0,0.0,0.0,0.0,1.0,0.0,0.0,0.0,0.0,0.0,2.0,1.0,2.0,2.0,0.0,2.0,0.0,2.0,0.0,0.0,0.0,0.0,0.0,1.0,0.0,0.0,0.0,0.0,0.0,0.0,0.0,0.0,0.0,0.0,0.0
0.0,0.0,0.0,1.0,0.0,1.0,0.0,2.0,0.0,1.0,0.0,0.0,2.0,1.0,0.0,0.0,0.0,0.0,0.0,1.0,0.0,0.0,0.0,0.0,0.0,2.0,0.0,2.0,0.0,0.0,0.0,0.0,3.0,0.0,0.0,0.0,1.0,1.0,1.0,0.0,0.0,0.0,0.0,0.0,0.0,0.0,0.0,0.0,0.0,0.0
0.0,0.0,0.0,3.0,0.0,1.0,0.0,2.0,1.0,1.0,0.0,1.0,4.0,2.0,0.0,0.0,0.0,0.0,1.0,0.0,0.0,0.0,0.0,0.0,0.0,3.0,2.0,3.0,2.0,0.0,0.0,0.0,0.0,0.0,0.0,0.0,3.0,1.0,1.0,0.0,0.0,0.0,0.0,0.0,0.0,0.0,0.0,0.0,0.0,0.0
0.0,0.0,0.0,3.0,0.0,1.0,0.0,2.0,1.0,1.0,0.0,1.0,1.0,2.0,0.0,0.0,0.0,0.0,1.0,0.0,0.0,0.0,0.0,0.0,0.0,0.0,2.0,0.0,2.0,0.0,0.0,0.0,1.0,0.0,1.0,0.0,0.0,1.0,0.0,0.0,0.0,0.0,0.0,0.0,0.0,0.0,0.0,0.0,0.0,0.0
0.0,0.0,0.0,0.0,0.0,0.0,0.0,2.0,1.0,1.0,0.0,2.0,1.0,3.0,0.0,0.0,0.0,0.0,0.0,0.0,0.0,0.0,0.0,0.0,0.0,1.0,2.0,0.0,2.0,1.0,0.0,1.0,1.0,0.0,1.0,0.0,0.0,1.0,1.0,0.0,0.0,0.0,0.0,0.0,0.0,0.0,0.0,0.0,0.0,0.0
0.0,0.0,0.0,1.0,1.0,0.0,0.0,2.0,1.0,0.0,0.0,0.0,1.0,3.0,0.0,0.0,0.0,0.0,0.0,0.0,0.0,0.0,0.0,0.0,0.0,1.0,2.0,0.0,2.0,1.0,0.0,1.0,1.0,0.0,1.0,0.0,0.0,2.0,1.0,0.0,0.0,1.0,0.0,1.0,0.0,0.0,0.0,0.0,0.0,0.0
0.0,0.0,0.0,1.0,0.0,0.0,0.0,3.0,1.0,0.0,0.0,0.0,1.0,0.0,0.0,0.0,0.0,0.0,0.0,0.0,0.0,0.0,0.0,0.0,0.0,1.0,0.0,0.0,0.0,1.0,0.0,1.0,1.0,1.0,1.0,0.0,2.0,2.0,1.0,0.0,0.0,0.0,1.0,1.0,0.0,0.0,0.0,0.0,0.0,0.0
0.0,0.0,1.0,2.0,0.0,0.0,0.0,3.0,0.0,0.0,0.0,0.0,1.0,0.0,0.0,0.0,0.0,1.0,1.0,0.0,0.0,0.0,0.0,0.0,0.0,1.0,0.0,0.0,0.0,1.0,1.0,2.0,0.0,1.0,0.0,0.0,2.0,2.0,1.0,0.0,0.0,0.0,1.0,0.0,0.0,0.0,0.0,0.0,0.0,0.0
0.0,0.0,1.0,3.0,1.0,0.0,0.0,3.0,0.0,1.0,0.0,0.0,0.0,0.0,0.0,0.0,0.0,1.0,1.0,0.0,0.0,0.0,0.0,0.0,0.0,0.0,0.0,0.0,0.0,1.0,1.0,2.0,0.0,1.0,0.0,0.0,1.0,2.0,1.0,0.0,0.0,0.0,1.0,0.0,0.0,0.0,0.0,0.0,0.0,0.0
0.0,0.0,1.0,0.0,2.0,0.0,0.0,0.0,0.0,1.0,0.0,0.0,0.0,0.0,0.0,0.0,0.0,2.0,0.0,0.0,0.0,0.0,0.0,0.0,0.0,1.0,0.0,0.0,0.0,0.0,1.0,0.0,0.0,1.0,0.0,0.0,1.0,2.0,1.0,0.0,0.0,0.0,0.0,0.0,0.0,0.0,0.0,0.0,0.0,0.0
0.0,0.0,1.0,0.0,2.0,2.0,0.0,0.0,0.0,0.0,0.0,0.0,0.0,0.0,0.0,0.0,0.0,2.0,0.0,0.0,0.0,0.0,0.0,0.0,0.0,2.0,0.0,0.0,0.0,1.0,1.0,0.0,0.0,0.0,0.0,0.0,1.0,0.0,1.0,0.0,0.0,0.0,0.0,0.0,0.0,0.0,0.0,0.0,0.0,0.0
0.0,0.0,0.0,1.0,0.0,3.0,0.0,0.0,0.0,0.0,0.0,1.0,0.0,0.0,0.0,0.0,0.0,0.0,0.0,0.0,0.0,0.0,0.0,0.0,0.0,3.0,0.0,1.0,0.0,1.0,1.0,0.0,0.0,0.0,0.0,1.0,3.0,0.0,1.0,0.0,0.0,0.0,0.0,0.0,0.0,0.0,0.0,0.0,0.0,0.0
0.0,0.0,0.0,1.0,0.0,3.0,1.0,0.0,0.0,0.0,0.0,1.0,0.0,0.0,0.0,0.0,0.0,1.0,0.0,0.0,0.0,0.0,0.0,0.0,0.0,3.0,0.0,1.0,0.0,2.0,1.0,0.0,0.0,0.0,0.0,2.0,4.0,0.0,1.0,0.0,0.0,0.0,0.0,0.0,0.0,0.0,0.0,0.0,0.0,0.0
0.0,0.0,0.0,1.0,0.0,3.0,1.0,0.0,1.0,0.0,0.0,1.0,0.0,0.0,0.0,0.0,0.0,1.0,1.0,0.0,0.0,0.0,0.0,0.0,0.0,0.0,0.0,0.0,0.0,2.0,2.0,0.0,2.0,0.0,0.0,2.0,1.0,0.0,0.0,0.0,0.0,0.0,0.0,0.0,0.0,0.0,0.0,0.0,0.0,0.0
0.0,0.0,1.0,1.0,0.0,0.0,1.0,0.0,1.0,0.0,0.0,1.0,0.0,0.0,0.0,0.0,0.0,1.0,0.0,0.0,0.0,0.0,0.0,0.0,0.0,0.0,0.0,0.0,1.0,0.0,2.0,0.0,4.0,0.0,0.0,4.0,2.0,0.0,1.0,0.0,0.0,0.0,0.0,0.0,0.0,0.0,0.0,0.0,0.0,0.0
0.0,0.0,1.0,1.0,0.0,0.0,1.0,0.0,1.0,0.0,0.0,0.0,0.0,0.0,1.0,0.0,1.0,1.0,0.0,0.0,0.0,0.0,0.0,0.0,0.0,0.0,0.0,0.0,1.0,0.0,2.0,0.0,4.0,0.0,0.0,0.0,3.0,0.0,1.0,0.0,0.0,0.0,0.0,0.0,0.0,0.0,0.0,0.0,0.0,0.0
0.0,0.0,0.0,1.0,0.0,0.0,1.0,0.0,1.0,0.0,0.0,0.0,1.0,0.0,1.0,0.0,1.0,0.0,0.0,0.0,0.0,0.0,1.0,0.0,0.0,0.0,0.0,0.0,0.0,0.0,0.0,1.0,4.0,0.0,0.0,0.0,4.0,0.0,2.0,0.0,0.0,0.0,0.0,0.0,0.0,0.0,0.0,0.0,0.0,0.0
0.0,0.0,0.0,1.0,0.0,0.0,0.0,0.0,0.0,0.0,0.0,0.0,1.0,1.0,1.0,0.0,1.0,0.0,0.0,0.0,0.0,0.0,1.0,0.0,0.0,0.0,0.0,0.0,0.0,0.0,0.0,1.0,1.0,1.0,0.0,0.0,4.0,0.0,2.0,0.0,0.0,0.0,0.0,0.0,0.0,0.0,0.0,0.0,0.0,0.0
0.0,0.0,0.0,1.0,1.0,0.0,0.0,1.0,0.0,0.0,0.0,1.0,0.0,1.0,0.0,0.0,1.0,0.0,0.0,0.0,0.0,0.0,1.0,0.0,0.0,0.0,0.0,0.0,0.0,1.0,0.0,1.0,1.0,1.0,0.0,0.0,1.0,0.0,0.0,0.0,0.0,0.0,1.0,0.0,0.0,0.0,0.0,0.0,0.0,0.0
0.0,0.0,0.0,0.0,1.0,0.0,0.0,0.0,0.0,0.0,0.0,1.0,1.0,1.0,0.0,0.0,0.0,0.0,0.0,0.0,0.0,0.0,1.0,0.0,0.0,0.0,0.0,0.0,0.0,0.0,0.0,0.0,1.0,1.0,0.0,0.0,2.0,0.0,0.0,0.0,0.0,0.0,0.0,0.0,0.0,0.0,0.0,0.0,0.0,0.0
0.0,0.0,2.0,0.0,2.0,0.0,0.0,0.0,0.0,0.0,0.0,0.0,1.0,1.0,1.0,0.0,1.0,0.0,0.0,0.0,0.0,0.0,0.0,0.0,0.0,1.0,0.0,0.0,1.0,0.0,0.0,0.0,1.0,0.0,0.0,0.0,2.0,0.0,0.0,0.0,0.0,0.0,0.0,0.0,0.0,0.0,0.0,0.0,0.0,0.0
0.0,0.0,0.0,0.0,0.0,0.0,0.0,1.0,0.0,0.0,0.0,0.0,1.0,1.0,1.0,0.0,1.0,0.0,0.0,0.0,0.0,0.0,0.0,0.0,0.0,1.0,0.0,0.0,0.0,0.0,0.0,0.0,2.0,0.0,1.0,0.0,2.0,0.0,0.0,0.0,0.0,0.0,0.0,0.0,0.0,0.0,0.0,0.0,0.0,0.0
0.0,0.0,0.0,0.0,0.0,0.0,0.0,2.0,0.0,0.0,0.0,0.0,1.0,1.0,1.0,0.0,1.0,0.0,0.0,0.0,0.0,0.0,0.0,0.0,0.0,1.0,0.0,0.0,0.0,0.0,1.0,0.0,0.0,0.0,0.0,0.0,2.0,0.0,0.0,0.0,0.0,0.0,0.0,0.0,0.0,0.0,0.0,0.0,0.0,0.0
0.0,0.0,0.0,0.0,0.0,0.0,0.0,3.0,0.0,0.0,0.0,0.0,0.0,1.0,0.0,0.0,1.0,0.0,0.0,0.0,0.0,0.0,0.0,0.0,0.0,0.0,0.0,0.0,1.0,0.0,1.0,0.0,0.0,0.0,0.0,1.0,0.0,0.0,0.0,0.0,0.0,0.0,0.0,0.0,0.0,0.0,0.0,0.0,0.0,0.0
0.0,0.0,0.0,0.0,0.0,0.0,0.0,0.0,0.0,0.0,0.0,0.0,1.0,1.0,0.0,0.0,0.0,0.0,0.0,0.0,0.0,0.0,0.0,0.0,0.0,0.0,0.0,0.0,1.0,0.0,2.0,0.0,0.0,0.0,1.0,1.0,2.0,0.0,0.0,0.0,0.0,0.0,0.0,0.0,0.0,0.0,0.0,0.0,0.0,0.0
0.0,0.0,0.0,0.0,0.0,0.0,0.0,0.0,0.0,0.0,0.0,0.0,1.0,1.0,0.0,0.0,0.0,0.0,0.0,0.0,0.0,0.0,0.0,0.0,0.0,1.0,0.0,0.0,1.0,0.0,2.0,1.0,0.0,1.0,1.0,0.0,2.0,0.0,0.0,0.0,0.0,0.0,0.0,0.0,0.0,0.0,0.0,0.0,0.0,0.0
0.0,0.0,0.0,0.0,0.0,0.0,0.0,0.0,0.0,0.0,0.0,0.0,1.0,0.0,0.0,0.0,0.0,0.0,0.0,0.0,0.0,0.0,0.0,0.0,0.0,1.0,0.0,0.0,0.0,0.0,0.0,1.0,0.0,1.0,1.0,0.0,2.0,0.0,0.0,0.0,0.0,0.0,0.0,0.0,0.0,0.0,0.0,0.0,0.0,0.0
0.0,0.0,0.0,0.0,0.0,0.0,0.0,0.0,0.0,0.0,0.0,0.0,1.0,0.0,0.0,0.0,0.0,0.0,0.0,0.0,0.0,0.0,0.0,0.0,0.0,1.0,0.0,0.0,0.0,0.0,0.0,1.0,0.0,1.0,0.0,0.0,3.0,0.0,0.0,0.0,0.0,0.0,0.0,0.0,0.0,0.0,0.0,0.0,0.0,0.0
1.0,0.0,0.0,0.0,1.0,0.0,0.0,0.0,0.0,0.0,0.0,0.0,0.0,0.0,0.0,0.0,0.0,0.0,0.0,0.0,0.0,0.0,0.0,0.0,0.0,0.0,0.0,0.0,0.0,0.0,0.0,1.0,1.0,1.0,0.0,0.0,0.0,0.0,0.0,0.0,0.0,0.0,0.0,0.0,0.0,0.0,0.0,0.0,0.0,0.0
1.0,0.0,3.0,0.0,1.0,0.0,0.0,0.0,0.0,0.0,0.0,0.0,0.0,0.0,1.0,0.0,0.0,0.0,0.0,0.0,0.0,0.0,0.0,0.0,0.0,0.0,0.0,0.0,0.0,0.0,1.0,1.0,1.0,2.0,0.0,0.0,0.0,0.0,1.0,0.0,0.0,0.0,0.0,0.0,0.0,0.0,0.0,0.0,0.0,0.0
0.0,0.0,3.0,0.0,1.0,0.0,1.0,0.0,0.0,0.0,0.0,0.0,0.0,1.0,1.0,0.0,0.0,0.0,0.0,0.0,0.0,0.0,0.0,0.0,0.0,0.0,0.0,0.0,0.0,0.0,2.0,1.0,1.0,0.0,1.0,0.0,0.0,0.0,1.0,0.0,0.0,0.0,0.0,0.0,0.0,0.0,0.0,0.0,0.0,0.0
1.0,0.0,0.0,0.0,0.0,0.0,1.0,0.0,0.0,0.0,0.0,0.0,0.0,0.0,1.0,0.0,1.0,1.0,0.0,0.0,0.0,0.0,0.0,0.0,0.0,0.0,0.0,0.0,1.0,1.0,0.0,1.0,1.0,0.0,1.0,0.0,0.0,0.0,1.0,0.0,0.0,0.0,0.0,1.0,0.0,0.0,0.0,0.0,0.0,0.0
1.0,0.0,0.0,0.0,0.0,0.0,0.0,0.0,0.0,0.0,0.0,0.0,0.0,0.0,1.0,0.0,1.0,1.0,0.0,0.0,0.0,0.0,0.0,0.0,0.0,0.0,0.0,0.0,1.0,2.0,0.0,1.0,0.0,0.0,0.0,0.0,0.0,0.0,1.0,0.0,0.0,0.0,0.0,0.0,0.0,0.0,0.0,0.0,0.0,0.0
1.0,0.0,0.0,0.0,0.0,0.0,0.0,0.0,0.0,0.0,0.0,0.0,0.0,1.0,0.0,1.0,1.0,1.0,0.0,0.0,0.0,0.0,0.0,0.0,0.0,0.0,0.0,0.0,1.0,2.0,0.0,1.0,0.0,0.0,0.0,0.0,0.0,1.0,0.0,0.0,0.0,0.0,0.0,0.0,0.0,0.0,0.0,0.0,0.0,0.0
1.0,0.0,0.0,0.0,0.0,0.0,0.0,0.0,0.0,0.0,0.0,0.0,0.0,2.0,0.0,1.0,0.0,1.0,0.0,0.0,0.0,0.0,0.0,0.0,0.0,0.0,0.0,0.0,1.0,0.0,0.0,0.0,0.0,0.0,0.0,0.0,0.0,1.0,0.0,0.0,0.0,0.0,0.0,0.0,0.0,0.0,0.0,0.0,0.0,0.0
0.0,0.0,0.0,0.0,0.0,0.0,0.0,0.0,0.0,0.0,0.0,0.0,0.0,2.0,0.0,1.0,0.0,1.0,0.0,0.0,0.0,0.0,0.0,0.0,0.0,0.0,0.0,0.0,1.0,0.0,0.0,0.0,0.0,0.0,0.0,0.0,1.0,0.0,0.0,0.0,0.0,1.0,0.0,0.0,0.0,0.0,0.0,0.0,0.0,0.0
0.0,0.0,0.0,0.0,0.0,0.0,0.0,0.0,0.0,0.0,0.0,0.0,0.0,0.0,0.0,0.0,0.0,0.0,0.0,0.0,0.0,0.0,0.0,0.0,0.0,1.0,0.0,0.0,0.0,1.0,0.0,0.0,0.0,1.0,0.0,0.0,1.0,1.0,0.0,0.0,0.0,0.0,0.0,0.0,0.0,0.0,0.0,0.0,0.0,0.0
0.0,0.0,0.0,0.0,0.0,0.0,0.0,0.0,0.0,0.0,0.0,0.0,0.0,0.0,1.0,0.0,0.0,0.0,0.0,0.0,0.0,0.0,0.0,0.0,0.0,1.0,0.0,0.0,0.0,1.0,0.0,0.0,0.0,1.0,0.0,0.0,2.0,1.0,0.0,0.0,0.0,0.0,0.0,0.0,0.0,0.0,0.0,0.0,0.0,0.0
0.0,0.0,0.0,0.0,0.0,0.0,0.0,1.0,0.0,0.0,0.0,1.0,0.0,0.0,0.0,0.0,0.0,0.0,0.0,1.0,0.0,0.0,0.0,0.0,0.0,0.0,0.0,0.0,0.0,1.0,0.0,0.0,0.0,1.0,1.0,0.0,0.0,1.0,0.0,0.0,0.0,0.0,0.0,0.0,0.0,0.0,0.0,0.0,0.0,0.0
0.0,0.0,0.0,0.0,0.0,0.0,0.0,0.0,0.0,0.0,0.0,1.0,0.0,0.0,0.0,1.0,0.0,0.0,0.0,1.0,0.0,0.0,0.0,0.0,0.0,0.0,0.0,0.0,0.0,0.0,0.0,0.0,0.0,1.0,1.0,0.0,0.0,1.0,0.0,0.0,0.0,0.0,0.0,0.0,0.0,0.0,0.0,0.0,0.0,0.0
0.0,0.0,0.0,0.0,1.0,0.0,0.0,0.0,0.0,0.0,0.0,0.0,0.0,1.0,0.0,1.0,0.0,0.0,0.0,1.0,0.0,0.0,0.0,0.0,0.0,0.0,1.0,0.0,0.0,0.0,0.0,0.0,0.0,0.0,1.0,0.0,0.0,0.0,0.0,0.0,0.0,0.0,0.0,0.0,0.0,0.0,0.0,0.0,0.0,0.0
0.0,0.0,0.0,0.0,0.0,0.0,0.0,0.0,0.0,0.0,0.0,0.0,0.0,0.0,0.0,0.0,0.0,0.0,0.0,1.0,0.0,0.0,0.0,0.0,0.0,0.0,0.0,0.0,0.0,0.0,0.0,1.0,1.0,1.0,1.0,1.0,0.0,0.0,0.0,0.0,0.0,0.0,0.0,0.0,0.0,0.0,0.0,0.0,0.0,0.0
0.0,0.0,0.0,0.0,0.0,0.0,0.0,0.0,0.0,0.0,0.0,0.0,0.0,0.0,0.0,0.0,0.0,0.0,0.0,0.0,0.0,0.0,0.0,0.0,0.0,0.0,0.0,0.0,0.0,0.0,0.0,2.0,0.0,1.0,0.0,1.0,0.0,1.0,0.0,0.0,0.0,0.0,0.0,0.0,0.0,0.0,0.0,0.0,0.0,0.0
0.0,0.0,0.0,0.0,0.0,0.0,0.0,0.0,0.0,0.0,0.0,0.0,0.0,0.0,0.0,0.0,0.0,0.0,0.0,0.0,0.0,0.0,0.0,0.0,0.0,0.0,0.0,0.0,0.0,0.0,0.0,2.0,0.0,1.0,0.0,1.0,0.0,1.0,0.0,0.0,0.0,0.0,0.0,0.0,0.0,0.0,0.0,0.0,0.0,0.0
0.0,0.0,0.0,1.0,0.0,0.0,0.0,0.0,0.0,0.0,0.0,0.0,0.0,0.0,0.0,0.0,0.0,0.0,0.0,0.0,0.0,0.0,0.0,0.0,0.0,0.0,0.0,0.0,0.0,0.0,0.0,0.0,0.0,1.0,1.0,1.0,0.0,1.0,1.0,0.0,0.0,0.0,0.0,0.0,0.0,0.0,0.0,0.0,0.0,0.0
0.0,0.0,0.0,1.0,0.0,0.0,0.0,1.0,0.0,0.0,0.0,0.0,0.0,0.0,0.0,0.0,0.0,0.0,0.0,0.0,0.0,0.0,0.0,0.0,0.0,0.0,0.0,0.0,0.0,0.0,0.0,0.0,1.0,0.0,2.0,0.0,0.0,0.0,1.0,0.0,0.0,0.0,0.0,0.0,0.0,0.0,0.0,0.0,0.0,0.0
0.0,0.0,0.0,1.0,0.0,0.0,0.0,1.0,0.0,0.0,0.0,1.0,0.0,0.0,0.0,0.0,0.0,0.0,0.0,0.0,0.0,0.0,0.0,0.0,0.0,0.0,0.0,0.0,0.0,0.0,0.0,0.0,1.0,0.0,2.0,0.0,0.0,0.0,1.0,0.0,0.0,0.0,0.0,0.0,0.0,0.0,0.0,0.0,0.0,0.0
0.0,0.0,0.0,1.0,0.0,0.0,0.0,1.0,0.0,0.0,0.0,3.0,0.0,1.0,0.0,0.0,0.0,0.0,0.0,0.0,0.0,0.0,0.0,0.0,0.0,1.0,0.0,0.0,0.0,0.0,0.0,0.0,0.0,0.0,0.0,0.0,0.0,0.0,1.0,0.0,0.0,0.0,0.0,0.0,0.0,0.0,0.0,0.0,0.0,0.0
0.0,0.0,0.0,1.0,0.0,0.0,0.0,1.0,0.0,0.0,0.0,3.0,0.0,1.0,0.0,0.0,0.0,0.0,0.0,0.0,0.0,0.0,0.0,0.0,0.0,0.0,0.0,0.0,0.0,1.0,0.0,0.0,0.0,0.0,0.0,0.0,0.0,0.0,0.0,0.0,0.0,0.0,0.0,0.0,0.0,0.0,0.0,0.0,0.0,0.0
0.0,0.0,0.0,0.0,0.0,0.0,0.0,0.0,0.0,0.0,0.0,4.0,0.0,1.0,0.0,0.0,0.0,0.0,0.0,0.0,0.0,0.0,0.0,0.0,0.0,0.0,0.0,0.0,0.0,0.0,0.0,0.0,0.0,0.0,0.0,0.0,0.0,1.0,0.0,0.0,0.0,0.0,0.0,0.0,0.0,0.0,0.0,0.0,0.0,0.0
0.0,0.0,0.0,0.0,0.0,0.0,0.0,0.0,0.0,0.0,0.0,0.0,0.0,1.0,0.0,0.0,0.0,0.0,1.0,0.0,0.0,0.0,0.0,0.0,0.0,0.0,0.0,0.0,0.0,0.0,0.0,0.0,0.0,0.0,0.0,0.0,0.0,0.0,0.0,0.0,0.0,0.0,0.0,0.0,0.0,0.0,0.0,0.0,0.0,0.0
0.0,0.0,0.0,0.0,0.0,0.0,0.0,1.0,0.0,0.0,0.0,0.0,0.0,0.0,0.0,0.0,0.0,0.0,1.0,0.0,0.0,0.0,0.0,0.0,0.0,0.0,0.0,0.0,0.0,0.0,0.0,0.0,0.0,0.0,0.0,0.0,0.0,0.0,0.0,0.0,0.0,0.0,0.0,0.0,0.0,0.0,0.0,0.0,0.0,0.0
0.0,0.0,0.0,0.0,0.0,0.0,0.0,1.0,0.0,0.0,0.0,0.0,0.0,0.0,0.0,0.0,0.0,0.0,1.0,0.0,0.0,0.0,0.0,0.0,0.0,0.0,0.0,0.0,0.0,0.0,0.0,0.0,0.0,0.0,0.0,0.0,0.0,0.0,0.0,0.0,0.0,0.0,0.0,0.0,0.0,0.0,0.0,0.0,0.0,0.0
0.0,0.0,0.0,0.0,0.0,0.0,0.0,1.0,0.0,0.0,0.0,0.0,0.0,0.0,0.0,0.0,0.0,0.0,1.0,0.0,0.0,0.0,0.0,0.0,0.0,0.0,0.0,0.0,0.0,0.0,0.0,0.0,0.0,0.0,0.0,0.0,0.0,0.0,0.0,0.0,0.0,0.0,0.0,0.0,0.0,0.0,0.0,0.0,0.0,0.0
0.0,1.0,0.0,0.0,0.0,0.0,0.0,0.0,0.0,0.0,0.0,0.0,0.0,0.0,0.0,0.0,0.0,0.0,0.0,0.0,0.0,0.0,0.0,0.0,0.0,0.0,0.0,0.0,0.0,0.0,0.0,0.0,0.0,0.0,0.0,0.0,0.0,0.0,0.0,0.0,0.0,0.0,0.0,0.0,0.0,0.0,0.0,0.0,0.0,0.0
0.0,1.0,0.0,1.0,0.0,0.0,0.0,0.0,0.0,0.0,0.0,0.0,0.0,0.0,0.0,0.0,0.0,0.0,0.0,0.0,0.0,0.0,0.0,0.0,0.0,0.0,0.0,0.0,0.0,0.0,1.0,0.0,0.0,0.0,0.0,0.0,0.0,0.0,0.0,0.0,0.0,0.0,0.0,0.0,0.0,0.0,0.0,0.0,0.0,0.0
0.0,1.0,0.0,1.0,0.0,0.0,0.0,0.0,0.0,0.0,0.0,0.0,0.0,0.0,0.0,0.0,0.0,0.0,0.0,0.0,0.0,0.0,0.0,0.0,0.0,0.0,0.0,0.0,0.0,0.0,0.0,0.0,0.0,0.0,0.0,0.0,0.0,0.0,0.0,0.0,0.0,0.0,0.0,0.0,0.0,0.0,0.0,0.0,0.0,0.0
0.0,1.0,0.0,1.0,0.0,0.0,0.0,0.0,0.0,0.0,0.0,0.0,0.0,0.0,0.0,0.0,0.0,0.0,0.0,0.0,0.0,0.0,0.0,0.0,0.0,0.0,0.0,0.0,0.0,0.0,0.0,0.0,0.0,0.0,0.0,0.0,0.0,0.0,0.0,0.0,0.0,0.0,0.0,0.0,0.0,0.0,0.0,0.0,0.0,0.0
0.0,0.0,0.0,1.0,1.0,0.0,0.0,0.0,0.0,0.0,0.0,0.0,0.0,0.0,0.0,0.0,0.0,0.0,0.0,0.0,0.0,0.0,0.0,0.0,0.0,0.0,0.0,0.0,0.0,0.0,1.0,0.0,0.0,0.0,1.0,0.0,0.0,0.0,0.0,0.0,0.0,0.0,0.0,0.0,0.0,0.0,0.0,0.0,0.0,0.0
0.0,0.0,0.0,1.0,1.0,0.0,0.0,0.0,0.0,0.0,0.0,0.0,0.0,0.0,0.0,0.0,0.0,0.0,0.0,0.0,0.0,0.0,0.0,0.0,0.0,0.0,0.0,0.0,0.0,0.0,1.0,0.0,0.0,0.0,1.0,0.0,0.0,0.0,0.0,0.0,0.0,0.0,0.0,0.0,0.0,0.0,0.0,0.0,0.0,0.0
0.0,0.0,0.0,1.0,1.0,0.0,0.0,0.0,0.0,0.0,0.0,0.0,0.0,0.0,0.0,0.0,0.0,0.0,0.0,0.0,0.0,0.0,0.0,0.0,0.0,0.0,0.0,0.0,0.0,0.0,1.0,0.0,0.0,0.0,1.0,0.0,1.0,0.0,0.0,0.0,0.0,0.0,0.0,0.0,0.0,0.0,0.0,0.0,0.0,0.0
0.0,0.0,0.0,1.0,0.0,0.0,0.0,0.0,0.0,0.0,0.0,0.0,0.0,0.0,0.0,0.0,0.0,0.0,0.0,0.0,0.0,0.0,0.0,0.0,0.0,0.0,0.0,0.0,0.0,0.0,0.0,0.0,0.0,0.0,1.0,0.0,1.0,0.0,0.0,0.0,0.0,0.0,0.0,0.0,0.0,0.0,0.0,0.0,0.0,0.0
0.0,0.0,0.0,1.0,0.0,0.0,0.0,0.0,0.0,0.0,0.0,0.0,0.0,0.0,0.0,0.0,0.0,0.0,0.0,0.0,0.0,0.0,0.0,0.0,0.0,0.0,0.0,0.0,0.0,0.0,0.0,0.0,0.0,0.0,0.0,0.0,1.0,0.0,0.0,0.0,0.0,0.0,0.0,0.0,0.0,0.0,0.0,0.0,0.0,0.0
0.0,0.0,0.0,1.0,0.0,0.0,0.0,0.0,0.0,0.0,0.0,0.0,0.0,0.0,0.0,0.0,0.0,0.0,0.0,1.0,0.0,0.0,0.0,0.0,0.0,0.0,0.0,1.0,0.0,0.0,0.0,0.0,0.0,0.0,0.0,0.0,0.0,0.0,0.0,0.0,0.0,0.0,0.0,0.0,0.0,0.0,0.0,0.0,0.0,0.0
